solid OpenSCAD_Model
  facet normal 0.45399 0.891007 -0
    outer loop
      vertex 3 5.19615 -5.5
      vertex 2.44042 5.48127 -0.5
      vertex 3 5.19615 -0.5
    endloop
  endfacet
  facet normal 0.45399 0.891007 0
    outer loop
      vertex 2.44042 5.48127 -0.5
      vertex 3 5.19615 -5.5
      vertex 2.44042 5.48127 -5.5
    endloop
  endfacet
  facet normal -0.965924 0.258825 0
    outer loop
      vertex -5.86889 1.24747 -5.5
      vertex -5.70634 1.8541 -0.5
      vertex -5.70634 1.8541 -5.5
    endloop
  endfacet
  facet normal -0.965924 0.258825 0
    outer loop
      vertex -5.70634 1.8541 -0.5
      vertex -5.86889 1.24747 -5.5
      vertex -5.86889 1.24747 -0.5
    endloop
  endfacet
  facet normal 0.358372 0.933579 -0
    outer loop
      vertex 2.44042 5.48127 -5.5
      vertex 1.8541 5.70634 -0.5
      vertex 2.44042 5.48127 -0.5
    endloop
  endfacet
  facet normal 0.358372 0.933579 0
    outer loop
      vertex 1.8541 5.70634 -0.5
      vertex 2.44042 5.48127 -5.5
      vertex 1.8541 5.70634 -5.5
    endloop
  endfacet
  facet normal -0.998629 0.0523381 0
    outer loop
      vertex -6 0 -5.5
      vertex -5.96713 0.627171 -0.5
      vertex -5.96713 0.627171 -5.5
    endloop
  endfacet
  facet normal -0.998629 0.0523381 0
    outer loop
      vertex -5.96713 0.627171 -0.5
      vertex -6 0 -5.5
      vertex -6 0 -0.5
    endloop
  endfacet
  facet normal -0.45399 -0.891007 0
    outer loop
      vertex -3 -5.19615 -5.5
      vertex -2.44042 -5.48127 -0.5
      vertex -3 -5.19615 -0.5
    endloop
  endfacet
  facet normal -0.45399 -0.891007 -0
    outer loop
      vertex -2.44042 -5.48127 -0.5
      vertex -3 -5.19615 -5.5
      vertex -2.44042 -5.48127 -5.5
    endloop
  endfacet
  facet normal 0.707107 0.707107 0
    outer loop
      vertex 4.45887 4.01478 -0.5
      vertex 4.01478 4.45887 -5.5
      vertex 4.01478 4.45887 -0.5
    endloop
  endfacet
  facet normal 0.707107 0.707107 0
    outer loop
      vertex 4.01478 4.45887 -5.5
      vertex 4.45887 4.01478 -0.5
      vertex 4.45887 4.01478 -5.5
    endloop
  endfacet
  facet normal 0.258825 0.965924 -0
    outer loop
      vertex 1.8541 5.70634 -5.5
      vertex 1.24747 5.86889 -0.5
      vertex 1.8541 5.70634 -0.5
    endloop
  endfacet
  facet normal 0.258825 0.965924 0
    outer loop
      vertex 1.24747 5.86889 -0.5
      vertex 1.8541 5.70634 -5.5
      vertex 1.24747 5.86889 -5.5
    endloop
  endfacet
  facet normal 0.83867 -0.54464 0
    outer loop
      vertex 4.8541 -3.52671 -0.5
      vertex 5.19615 -3 -5.5
      vertex 5.19615 -3 -0.5
    endloop
  endfacet
  facet normal 0.83867 -0.54464 0
    outer loop
      vertex 5.19615 -3 -5.5
      vertex 4.8541 -3.52671 -0.5
      vertex 4.8541 -3.52671 -5.5
    endloop
  endfacet
  facet normal 0.933579 -0.358372 0
    outer loop
      vertex 5.48127 -2.44042 -0.5
      vertex 5.70634 -1.8541 -5.5
      vertex 5.70634 -1.8541 -0.5
    endloop
  endfacet
  facet normal 0.933579 -0.358372 0
    outer loop
      vertex 5.70634 -1.8541 -5.5
      vertex 5.48127 -2.44042 -0.5
      vertex 5.48127 -2.44042 -5.5
    endloop
  endfacet
  facet normal -0.933579 0.358372 0
    outer loop
      vertex -5.70634 1.8541 -5.5
      vertex -5.48127 2.44042 -0.5
      vertex -5.48127 2.44042 -5.5
    endloop
  endfacet
  facet normal -0.933579 0.358372 0
    outer loop
      vertex -5.48127 2.44042 -0.5
      vertex -5.70634 1.8541 -5.5
      vertex -5.70634 1.8541 -0.5
    endloop
  endfacet
  facet normal 0.777147 -0.629319 0
    outer loop
      vertex 4.45887 -4.01478 -0.5
      vertex 4.8541 -3.52671 -5.5
      vertex 4.8541 -3.52671 -0.5
    endloop
  endfacet
  facet normal 0.777147 -0.629319 0
    outer loop
      vertex 4.8541 -3.52671 -5.5
      vertex 4.45887 -4.01478 -0.5
      vertex 4.45887 -4.01478 -5.5
    endloop
  endfacet
  facet normal -0.777147 0.629319 0
    outer loop
      vertex -4.8541 3.52671 -5.5
      vertex -4.45887 4.01478 -0.5
      vertex -4.45887 4.01478 -5.5
    endloop
  endfacet
  facet normal -0.777147 0.629319 0
    outer loop
      vertex -4.45887 4.01478 -0.5
      vertex -4.8541 3.52671 -5.5
      vertex -4.8541 3.52671 -0.5
    endloop
  endfacet
  facet normal -0.54464 -0.83867 0
    outer loop
      vertex -3.52671 -4.8541 -5.5
      vertex -3 -5.19615 -0.5
      vertex -3.52671 -4.8541 -0.5
    endloop
  endfacet
  facet normal -0.54464 -0.83867 -0
    outer loop
      vertex -3 -5.19615 -0.5
      vertex -3.52671 -4.8541 -5.5
      vertex -3 -5.19615 -5.5
    endloop
  endfacet
  facet normal -0.998629 -0.0523381 0
    outer loop
      vertex -5.96713 -0.627171 -5.5
      vertex -6 0 -0.5
      vertex -6 0 -5.5
    endloop
  endfacet
  facet normal -0.998629 -0.0523381 0
    outer loop
      vertex -6 0 -0.5
      vertex -5.96713 -0.627171 -5.5
      vertex -5.96713 -0.627171 -0.5
    endloop
  endfacet
  facet normal 0.629319 0.777147 -0
    outer loop
      vertex 4.01478 4.45887 -5.5
      vertex 3.52671 4.8541 -0.5
      vertex 4.01478 4.45887 -0.5
    endloop
  endfacet
  facet normal 0.629319 0.777147 0
    outer loop
      vertex 3.52671 4.8541 -0.5
      vertex 4.01478 4.45887 -5.5
      vertex 3.52671 4.8541 -5.5
    endloop
  endfacet
  facet normal -0.0523381 -0.998629 0
    outer loop
      vertex -0.627171 -5.96713 -5.5
      vertex 0 -6 -0.5
      vertex -0.627171 -5.96713 -0.5
    endloop
  endfacet
  facet normal -0.0523381 -0.998629 -0
    outer loop
      vertex 0 -6 -0.5
      vertex -0.627171 -5.96713 -5.5
      vertex 0 -6 -5.5
    endloop
  endfacet
  facet normal 0.98769 -0.156426 0
    outer loop
      vertex 5.86889 -1.24747 -0.5
      vertex 5.96713 -0.627171 -5.5
      vertex 5.96713 -0.627171 -0.5
    endloop
  endfacet
  facet normal 0.98769 -0.156426 0
    outer loop
      vertex 5.96713 -0.627171 -5.5
      vertex 5.86889 -1.24747 -0.5
      vertex 5.86889 -1.24747 -5.5
    endloop
  endfacet
  facet normal -0.156426 -0.98769 0
    outer loop
      vertex -1.24747 -5.86889 -5.5
      vertex -0.627171 -5.96713 -0.5
      vertex -1.24747 -5.86889 -0.5
    endloop
  endfacet
  facet normal -0.156426 -0.98769 -0
    outer loop
      vertex -0.627171 -5.96713 -0.5
      vertex -1.24747 -5.86889 -5.5
      vertex -0.627171 -5.96713 -5.5
    endloop
  endfacet
  facet normal -0.83867 -0.54464 0
    outer loop
      vertex -4.8541 -3.52671 -5.5
      vertex -5.19615 -3 -0.5
      vertex -5.19615 -3 -5.5
    endloop
  endfacet
  facet normal -0.83867 -0.54464 0
    outer loop
      vertex -5.19615 -3 -0.5
      vertex -4.8541 -3.52671 -5.5
      vertex -4.8541 -3.52671 -0.5
    endloop
  endfacet
  facet normal 0.45399 -0.891007 0
    outer loop
      vertex 2.44042 -5.48127 -5.5
      vertex 3 -5.19615 -0.5
      vertex 2.44042 -5.48127 -0.5
    endloop
  endfacet
  facet normal 0.45399 -0.891007 0
    outer loop
      vertex 3 -5.19615 -0.5
      vertex 2.44042 -5.48127 -5.5
      vertex 3 -5.19615 -5.5
    endloop
  endfacet
  facet normal -0.83867 0.54464 0
    outer loop
      vertex -5.19615 3 -5.5
      vertex -4.8541 3.52671 -0.5
      vertex -4.8541 3.52671 -5.5
    endloop
  endfacet
  facet normal -0.83867 0.54464 0
    outer loop
      vertex -4.8541 3.52671 -0.5
      vertex -5.19615 3 -5.5
      vertex -5.19615 3 -0.5
    endloop
  endfacet
  facet normal 0.0523381 0.998629 -0
    outer loop
      vertex 0.627171 5.96713 -5.5
      vertex 0 6 -0.5
      vertex 0.627171 5.96713 -0.5
    endloop
  endfacet
  facet normal 0.0523381 0.998629 0
    outer loop
      vertex 0 6 -0.5
      vertex 0.627171 5.96713 -5.5
      vertex 0 6 -5.5
    endloop
  endfacet
  facet normal 0.156426 -0.98769 0
    outer loop
      vertex 0.627171 -5.96713 -5.5
      vertex 1.24747 -5.86889 -0.5
      vertex 0.627171 -5.96713 -0.5
    endloop
  endfacet
  facet normal 0.156426 -0.98769 0
    outer loop
      vertex 1.24747 -5.86889 -0.5
      vertex 0.627171 -5.96713 -5.5
      vertex 1.24747 -5.86889 -5.5
    endloop
  endfacet
  facet normal -0.156426 0.98769 0
    outer loop
      vertex -0.627171 5.96713 -5.5
      vertex -1.24747 5.86889 -0.5
      vertex -0.627171 5.96713 -0.5
    endloop
  endfacet
  facet normal -0.156426 0.98769 0
    outer loop
      vertex -1.24747 5.86889 -0.5
      vertex -0.627171 5.96713 -5.5
      vertex -1.24747 5.86889 -5.5
    endloop
  endfacet
  facet normal -0.358372 0.933579 0
    outer loop
      vertex -1.8541 5.70634 -5.5
      vertex -2.44042 5.48127 -0.5
      vertex -1.8541 5.70634 -0.5
    endloop
  endfacet
  facet normal -0.358372 0.933579 0
    outer loop
      vertex -2.44042 5.48127 -0.5
      vertex -1.8541 5.70634 -5.5
      vertex -2.44042 5.48127 -5.5
    endloop
  endfacet
  facet normal -0.891007 0.45399 0
    outer loop
      vertex -5.48127 2.44042 -5.5
      vertex -5.19615 3 -0.5
      vertex -5.19615 3 -5.5
    endloop
  endfacet
  facet normal -0.891007 0.45399 0
    outer loop
      vertex -5.19615 3 -0.5
      vertex -5.48127 2.44042 -5.5
      vertex -5.48127 2.44042 -0.5
    endloop
  endfacet
  facet normal -0.965924 -0.258825 0
    outer loop
      vertex -5.70634 -1.8541 -5.5
      vertex -5.86889 -1.24747 -0.5
      vertex -5.86889 -1.24747 -5.5
    endloop
  endfacet
  facet normal -0.965924 -0.258825 0
    outer loop
      vertex -5.86889 -1.24747 -0.5
      vertex -5.70634 -1.8541 -5.5
      vertex -5.70634 -1.8541 -0.5
    endloop
  endfacet
  facet normal -0.358372 -0.933579 0
    outer loop
      vertex -2.44042 -5.48127 -5.5
      vertex -1.8541 -5.70634 -0.5
      vertex -2.44042 -5.48127 -0.5
    endloop
  endfacet
  facet normal -0.358372 -0.933579 -0
    outer loop
      vertex -1.8541 -5.70634 -0.5
      vertex -2.44042 -5.48127 -5.5
      vertex -1.8541 -5.70634 -5.5
    endloop
  endfacet
  facet normal -0.45399 0.891007 0
    outer loop
      vertex -2.44042 5.48127 -5.5
      vertex -3 5.19615 -0.5
      vertex -2.44042 5.48127 -0.5
    endloop
  endfacet
  facet normal -0.45399 0.891007 0
    outer loop
      vertex -3 5.19615 -0.5
      vertex -2.44042 5.48127 -5.5
      vertex -3 5.19615 -5.5
    endloop
  endfacet
  facet normal -0.629319 0.777147 0
    outer loop
      vertex -3.52671 4.8541 -5.5
      vertex -4.01478 4.45887 -0.5
      vertex -3.52671 4.8541 -0.5
    endloop
  endfacet
  facet normal -0.629319 0.777147 0
    outer loop
      vertex -4.01478 4.45887 -0.5
      vertex -3.52671 4.8541 -5.5
      vertex -4.01478 4.45887 -5.5
    endloop
  endfacet
  facet normal -0.258825 -0.965924 0
    outer loop
      vertex -1.8541 -5.70634 -5.5
      vertex -1.24747 -5.86889 -0.5
      vertex -1.8541 -5.70634 -0.5
    endloop
  endfacet
  facet normal -0.258825 -0.965924 -0
    outer loop
      vertex -1.24747 -5.86889 -0.5
      vertex -1.8541 -5.70634 -5.5
      vertex -1.24747 -5.86889 -5.5
    endloop
  endfacet
  facet normal 0.629319 -0.777147 0
    outer loop
      vertex 3.52671 -4.8541 -5.5
      vertex 4.01478 -4.45887 -0.5
      vertex 3.52671 -4.8541 -0.5
    endloop
  endfacet
  facet normal 0.629319 -0.777147 0
    outer loop
      vertex 4.01478 -4.45887 -0.5
      vertex 3.52671 -4.8541 -5.5
      vertex 4.01478 -4.45887 -5.5
    endloop
  endfacet
  facet normal -0.98769 0.156426 0
    outer loop
      vertex -5.96713 0.627171 -5.5
      vertex -5.86889 1.24747 -0.5
      vertex -5.86889 1.24747 -5.5
    endloop
  endfacet
  facet normal -0.98769 0.156426 0
    outer loop
      vertex -5.86889 1.24747 -0.5
      vertex -5.96713 0.627171 -5.5
      vertex -5.96713 0.627171 -0.5
    endloop
  endfacet
  facet normal 0.54464 -0.83867 0
    outer loop
      vertex 3 -5.19615 -5.5
      vertex 3.52671 -4.8541 -0.5
      vertex 3 -5.19615 -0.5
    endloop
  endfacet
  facet normal 0.54464 -0.83867 0
    outer loop
      vertex 3.52671 -4.8541 -0.5
      vertex 3 -5.19615 -5.5
      vertex 3.52671 -4.8541 -5.5
    endloop
  endfacet
  facet normal -0.891007 -0.45399 0
    outer loop
      vertex -5.19615 -3 -5.5
      vertex -5.48127 -2.44042 -0.5
      vertex -5.48127 -2.44042 -5.5
    endloop
  endfacet
  facet normal -0.891007 -0.45399 0
    outer loop
      vertex -5.48127 -2.44042 -0.5
      vertex -5.19615 -3 -5.5
      vertex -5.19615 -3 -0.5
    endloop
  endfacet
  facet normal 0.258825 -0.965924 0
    outer loop
      vertex 1.24747 -5.86889 -5.5
      vertex 1.8541 -5.70634 -0.5
      vertex 1.24747 -5.86889 -0.5
    endloop
  endfacet
  facet normal 0.258825 -0.965924 0
    outer loop
      vertex 1.8541 -5.70634 -0.5
      vertex 1.24747 -5.86889 -5.5
      vertex 1.8541 -5.70634 -5.5
    endloop
  endfacet
  facet normal -0.777147 -0.629319 0
    outer loop
      vertex -4.45887 -4.01478 -5.5
      vertex -4.8541 -3.52671 -0.5
      vertex -4.8541 -3.52671 -5.5
    endloop
  endfacet
  facet normal -0.777147 -0.629319 0
    outer loop
      vertex -4.8541 -3.52671 -0.5
      vertex -4.45887 -4.01478 -5.5
      vertex -4.45887 -4.01478 -0.5
    endloop
  endfacet
  facet normal 0.707107 -0.707107 0
    outer loop
      vertex 4.01478 -4.45887 -0.5
      vertex 4.45887 -4.01478 -5.5
      vertex 4.45887 -4.01478 -0.5
    endloop
  endfacet
  facet normal 0.707107 -0.707107 0
    outer loop
      vertex 4.45887 -4.01478 -5.5
      vertex 4.01478 -4.45887 -0.5
      vertex 4.01478 -4.45887 -5.5
    endloop
  endfacet
  facet normal 0.156426 0.98769 -0
    outer loop
      vertex 1.24747 5.86889 -5.5
      vertex 0.627171 5.96713 -0.5
      vertex 1.24747 5.86889 -0.5
    endloop
  endfacet
  facet normal 0.156426 0.98769 0
    outer loop
      vertex 0.627171 5.96713 -0.5
      vertex 1.24747 5.86889 -5.5
      vertex 0.627171 5.96713 -5.5
    endloop
  endfacet
  facet normal -0.54464 0.83867 0
    outer loop
      vertex -3 5.19615 -5.5
      vertex -3.52671 4.8541 -0.5
      vertex -3 5.19615 -0.5
    endloop
  endfacet
  facet normal -0.54464 0.83867 0
    outer loop
      vertex -3.52671 4.8541 -0.5
      vertex -3 5.19615 -5.5
      vertex -3.52671 4.8541 -5.5
    endloop
  endfacet
  facet normal 0.777147 0.629319 0
    outer loop
      vertex 4.8541 3.52671 -0.5
      vertex 4.45887 4.01478 -5.5
      vertex 4.45887 4.01478 -0.5
    endloop
  endfacet
  facet normal 0.777147 0.629319 0
    outer loop
      vertex 4.45887 4.01478 -5.5
      vertex 4.8541 3.52671 -0.5
      vertex 4.8541 3.52671 -5.5
    endloop
  endfacet
  facet normal -0.258825 0.965924 0
    outer loop
      vertex -1.24747 5.86889 -5.5
      vertex -1.8541 5.70634 -0.5
      vertex -1.24747 5.86889 -0.5
    endloop
  endfacet
  facet normal -0.258825 0.965924 0
    outer loop
      vertex -1.8541 5.70634 -0.5
      vertex -1.24747 5.86889 -5.5
      vertex -1.8541 5.70634 -5.5
    endloop
  endfacet
  facet normal 0.891007 -0.45399 0
    outer loop
      vertex 5.19615 -3 -0.5
      vertex 5.48127 -2.44042 -5.5
      vertex 5.48127 -2.44042 -0.5
    endloop
  endfacet
  facet normal 0.891007 -0.45399 0
    outer loop
      vertex 5.48127 -2.44042 -5.5
      vertex 5.19615 -3 -0.5
      vertex 5.19615 -3 -5.5
    endloop
  endfacet
  facet normal -0.98769 -0.156426 0
    outer loop
      vertex -5.86889 -1.24747 -5.5
      vertex -5.96713 -0.627171 -0.5
      vertex -5.96713 -0.627171 -5.5
    endloop
  endfacet
  facet normal -0.98769 -0.156426 0
    outer loop
      vertex -5.96713 -0.627171 -0.5
      vertex -5.86889 -1.24747 -5.5
      vertex -5.86889 -1.24747 -0.5
    endloop
  endfacet
  facet normal 0.83867 0.54464 0
    outer loop
      vertex 5.19615 3 -0.5
      vertex 4.8541 3.52671 -5.5
      vertex 4.8541 3.52671 -0.5
    endloop
  endfacet
  facet normal 0.83867 0.54464 0
    outer loop
      vertex 4.8541 3.52671 -5.5
      vertex 5.19615 3 -0.5
      vertex 5.19615 3 -5.5
    endloop
  endfacet
  facet normal 0.98769 0.156426 0
    outer loop
      vertex 5.96713 0.627171 -0.5
      vertex 5.86889 1.24747 -5.5
      vertex 5.86889 1.24747 -0.5
    endloop
  endfacet
  facet normal 0.98769 0.156426 0
    outer loop
      vertex 5.86889 1.24747 -5.5
      vertex 5.96713 0.627171 -0.5
      vertex 5.96713 0.627171 -5.5
    endloop
  endfacet
  facet normal -0.0523381 0.998629 0
    outer loop
      vertex 0 6 -5.5
      vertex -0.627171 5.96713 -0.5
      vertex 0 6 -0.5
    endloop
  endfacet
  facet normal -0.0523381 0.998629 0
    outer loop
      vertex -0.627171 5.96713 -0.5
      vertex 0 6 -5.5
      vertex -0.627171 5.96713 -5.5
    endloop
  endfacet
  facet normal 0.933579 0.358372 0
    outer loop
      vertex 5.70634 1.8541 -0.5
      vertex 5.48127 2.44042 -5.5
      vertex 5.48127 2.44042 -0.5
    endloop
  endfacet
  facet normal 0.933579 0.358372 0
    outer loop
      vertex 5.48127 2.44042 -5.5
      vertex 5.70634 1.8541 -0.5
      vertex 5.70634 1.8541 -5.5
    endloop
  endfacet
  facet normal -0.707107 0.707107 0
    outer loop
      vertex -4.45887 4.01478 -5.5
      vertex -4.01478 4.45887 -0.5
      vertex -4.01478 4.45887 -5.5
    endloop
  endfacet
  facet normal -0.707107 0.707107 0
    outer loop
      vertex -4.01478 4.45887 -0.5
      vertex -4.45887 4.01478 -5.5
      vertex -4.45887 4.01478 -0.5
    endloop
  endfacet
  facet normal 0.891007 0.45399 0
    outer loop
      vertex 5.48127 2.44042 -0.5
      vertex 5.19615 3 -5.5
      vertex 5.19615 3 -0.5
    endloop
  endfacet
  facet normal 0.891007 0.45399 0
    outer loop
      vertex 5.19615 3 -5.5
      vertex 5.48127 2.44042 -0.5
      vertex 5.48127 2.44042 -5.5
    endloop
  endfacet
  facet normal 0.965924 -0.258825 0
    outer loop
      vertex 5.70634 -1.8541 -0.5
      vertex 5.86889 -1.24747 -5.5
      vertex 5.86889 -1.24747 -0.5
    endloop
  endfacet
  facet normal 0.965924 -0.258825 0
    outer loop
      vertex 5.86889 -1.24747 -5.5
      vertex 5.70634 -1.8541 -0.5
      vertex 5.70634 -1.8541 -5.5
    endloop
  endfacet
  facet normal -0.629319 -0.777147 0
    outer loop
      vertex -4.01478 -4.45887 -5.5
      vertex -3.52671 -4.8541 -0.5
      vertex -4.01478 -4.45887 -0.5
    endloop
  endfacet
  facet normal -0.629319 -0.777147 -0
    outer loop
      vertex -3.52671 -4.8541 -0.5
      vertex -4.01478 -4.45887 -5.5
      vertex -3.52671 -4.8541 -5.5
    endloop
  endfacet
  facet normal 0.998629 -0.0523381 0
    outer loop
      vertex 5.96713 -0.627171 -0.5
      vertex 6 0 -5.5
      vertex 6 0 -0.5
    endloop
  endfacet
  facet normal 0.998629 -0.0523381 0
    outer loop
      vertex 6 0 -5.5
      vertex 5.96713 -0.627171 -0.5
      vertex 5.96713 -0.627171 -5.5
    endloop
  endfacet
  facet normal 0.965924 0.258825 0
    outer loop
      vertex 5.86889 1.24747 -0.5
      vertex 5.70634 1.8541 -5.5
      vertex 5.70634 1.8541 -0.5
    endloop
  endfacet
  facet normal 0.965924 0.258825 0
    outer loop
      vertex 5.70634 1.8541 -5.5
      vertex 5.86889 1.24747 -0.5
      vertex 5.86889 1.24747 -5.5
    endloop
  endfacet
  facet normal -0.933579 -0.358372 0
    outer loop
      vertex -5.48127 -2.44042 -5.5
      vertex -5.70634 -1.8541 -0.5
      vertex -5.70634 -1.8541 -5.5
    endloop
  endfacet
  facet normal -0.933579 -0.358372 0
    outer loop
      vertex -5.70634 -1.8541 -0.5
      vertex -5.48127 -2.44042 -5.5
      vertex -5.48127 -2.44042 -0.5
    endloop
  endfacet
  facet normal 0 0 1
    outer loop
      vertex 4 0 -0.5
      vertex 6 0 -0.5
      vertex 5.96713 0.627171 -0.5
    endloop
  endfacet
  facet normal 0 0 1
    outer loop
      vertex 3.97809 0.418114 -0.5
      vertex 5.96713 0.627171 -0.5
      vertex 5.86889 1.24747 -0.5
    endloop
  endfacet
  facet normal 0 0 1
    outer loop
      vertex 6 0 -0.5
      vertex 4 0 -0.5
      vertex 5.96713 -0.627171 -0.5
    endloop
  endfacet
  facet normal 0 0 1
    outer loop
      vertex 3.91259 0.831646 -0.5
      vertex 5.86889 1.24747 -0.5
      vertex 5.70634 1.8541 -0.5
    endloop
  endfacet
  facet normal -0 0 1
    outer loop
      vertex 3.97809 -0.418114 -0.5
      vertex 5.96713 -0.627171 -0.5
      vertex 4 0 -0.5
    endloop
  endfacet
  facet normal 0 0 1
    outer loop
      vertex 3.80423 1.23607 -0.5
      vertex 5.70634 1.8541 -0.5
      vertex 5.48127 2.44042 -0.5
    endloop
  endfacet
  facet normal 0 0 1
    outer loop
      vertex 5.96713 -0.627171 -0.5
      vertex 3.97809 -0.418114 -0.5
      vertex 5.86889 -1.24747 -0.5
    endloop
  endfacet
  facet normal 0 0 1
    outer loop
      vertex 3.65418 1.62695 -0.5
      vertex 5.48127 2.44042 -0.5
      vertex 5.19615 3 -0.5
    endloop
  endfacet
  facet normal -0 0 1
    outer loop
      vertex 3.91259 -0.831646 -0.5
      vertex 5.86889 -1.24747 -0.5
      vertex 3.97809 -0.418114 -0.5
    endloop
  endfacet
  facet normal 0 0 1
    outer loop
      vertex 3.4641 2 -0.5
      vertex 5.19615 3 -0.5
      vertex 4.8541 3.52671 -0.5
    endloop
  endfacet
  facet normal 0 0 1
    outer loop
      vertex 5.86889 -1.24747 -0.5
      vertex 3.91259 -0.831646 -0.5
      vertex 5.70634 -1.8541 -0.5
    endloop
  endfacet
  facet normal 0 0 1
    outer loop
      vertex 3.23607 2.35114 -0.5
      vertex 4.8541 3.52671 -0.5
      vertex 4.45887 4.01478 -0.5
    endloop
  endfacet
  facet normal -0 0 1
    outer loop
      vertex 3.80423 -1.23607 -0.5
      vertex 5.70634 -1.8541 -0.5
      vertex 3.91259 -0.831646 -0.5
    endloop
  endfacet
  facet normal 0 0 1
    outer loop
      vertex 2.97258 2.67652 -0.5
      vertex 4.45887 4.01478 -0.5
      vertex 4.01478 4.45887 -0.5
    endloop
  endfacet
  facet normal 0 0 1
    outer loop
      vertex 5.70634 -1.8541 -0.5
      vertex 3.80423 -1.23607 -0.5
      vertex 5.48127 -2.44042 -0.5
    endloop
  endfacet
  facet normal -0 0 1
    outer loop
      vertex 3.65418 -1.62695 -0.5
      vertex 5.48127 -2.44042 -0.5
      vertex 3.80423 -1.23607 -0.5
    endloop
  endfacet
  facet normal 0 0 1
    outer loop
      vertex 5.96713 0.627171 -0.5
      vertex 3.97809 0.418114 -0.5
      vertex 4 0 -0.5
    endloop
  endfacet
  facet normal 0 0 1
    outer loop
      vertex 5.86889 1.24747 -0.5
      vertex 3.91259 0.831646 -0.5
      vertex 3.97809 0.418114 -0.5
    endloop
  endfacet
  facet normal 0 0 1
    outer loop
      vertex 5.70634 1.8541 -0.5
      vertex 3.80423 1.23607 -0.5
      vertex 3.91259 0.831646 -0.5
    endloop
  endfacet
  facet normal 0 0 1
    outer loop
      vertex 5.48127 2.44042 -0.5
      vertex 3.65418 1.62695 -0.5
      vertex 3.80423 1.23607 -0.5
    endloop
  endfacet
  facet normal 0 0 1
    outer loop
      vertex 2.67652 2.97258 -0.5
      vertex 4.01478 4.45887 -0.5
      vertex 3.52671 4.8541 -0.5
    endloop
  endfacet
  facet normal 0 0 1
    outer loop
      vertex 5.19615 3 -0.5
      vertex 3.4641 2 -0.5
      vertex 3.65418 1.62695 -0.5
    endloop
  endfacet
  facet normal 0 0 1
    outer loop
      vertex 4.8541 3.52671 -0.5
      vertex 3.23607 2.35114 -0.5
      vertex 3.4641 2 -0.5
    endloop
  endfacet
  facet normal 0 0 1
    outer loop
      vertex 2.35114 3.23607 -0.5
      vertex 3.52671 4.8541 -0.5
      vertex 3 5.19615 -0.5
    endloop
  endfacet
  facet normal 0 0 1
    outer loop
      vertex 4.45887 4.01478 -0.5
      vertex 2.97258 2.67652 -0.5
      vertex 3.23607 2.35114 -0.5
    endloop
  endfacet
  facet normal 0 0 1
    outer loop
      vertex 4.01478 4.45887 -0.5
      vertex 2.67652 2.97258 -0.5
      vertex 2.97258 2.67652 -0.5
    endloop
  endfacet
  facet normal 0 0 1
    outer loop
      vertex 2 3.4641 -0.5
      vertex 3 5.19615 -0.5
      vertex 2.44042 5.48127 -0.5
    endloop
  endfacet
  facet normal 0 0 1
    outer loop
      vertex 3.52671 4.8541 -0.5
      vertex 2.35114 3.23607 -0.5
      vertex 2.67652 2.97258 -0.5
    endloop
  endfacet
  facet normal 0 0 1
    outer loop
      vertex 3 5.19615 -0.5
      vertex 2 3.4641 -0.5
      vertex 2.35114 3.23607 -0.5
    endloop
  endfacet
  facet normal 0 0 1
    outer loop
      vertex 1.62695 3.65418 -0.5
      vertex 2.44042 5.48127 -0.5
      vertex 1.8541 5.70634 -0.5
    endloop
  endfacet
  facet normal 0 0 1
    outer loop
      vertex 2.44042 5.48127 -0.5
      vertex 1.62695 3.65418 -0.5
      vertex 2 3.4641 -0.5
    endloop
  endfacet
  facet normal 0 0 1
    outer loop
      vertex 1.23607 3.80423 -0.5
      vertex 1.8541 5.70634 -0.5
      vertex 1.24747 5.86889 -0.5
    endloop
  endfacet
  facet normal 0 0 1
    outer loop
      vertex 1.8541 5.70634 -0.5
      vertex 1.23607 3.80423 -0.5
      vertex 1.62695 3.65418 -0.5
    endloop
  endfacet
  facet normal 0 0 1
    outer loop
      vertex 1.24747 5.86889 -0.5
      vertex 0.831646 3.91259 -0.5
      vertex 1.23607 3.80423 -0.5
    endloop
  endfacet
  facet normal 0 0 1
    outer loop
      vertex 0.627171 5.96713 -0.5
      vertex 0.831646 3.91259 -0.5
      vertex 1.24747 5.86889 -0.5
    endloop
  endfacet
  facet normal 0 0 1
    outer loop
      vertex 0.627171 5.96713 -0.5
      vertex 0.418114 3.97809 -0.5
      vertex 0.831646 3.91259 -0.5
    endloop
  endfacet
  facet normal 0 0 1
    outer loop
      vertex 0 6 -0.5
      vertex 0.418114 3.97809 -0.5
      vertex 0.627171 5.96713 -0.5
    endloop
  endfacet
  facet normal 0 0 1
    outer loop
      vertex 0 6 -0.5
      vertex 0 4 -0.5
      vertex 0.418114 3.97809 -0.5
    endloop
  endfacet
  facet normal 0 0 1
    outer loop
      vertex 0 6 -0.5
      vertex -0.418114 3.97809 -0.5
      vertex 0 4 -0.5
    endloop
  endfacet
  facet normal -0 0 1
    outer loop
      vertex -0.627171 5.96713 -0.5
      vertex -0.418114 3.97809 -0.5
      vertex 0 6 -0.5
    endloop
  endfacet
  facet normal 0 0 1
    outer loop
      vertex -0.627171 5.96713 -0.5
      vertex -0.831646 3.91259 -0.5
      vertex -0.418114 3.97809 -0.5
    endloop
  endfacet
  facet normal -0 0 1
    outer loop
      vertex -1.24747 5.86889 -0.5
      vertex -0.831646 3.91259 -0.5
      vertex -0.627171 5.96713 -0.5
    endloop
  endfacet
  facet normal 0 0 1
    outer loop
      vertex -0.831646 3.91259 -0.5
      vertex -1.24747 5.86889 -0.5
      vertex -1.23607 3.80423 -0.5
    endloop
  endfacet
  facet normal -0 0 1
    outer loop
      vertex -1.8541 5.70634 -0.5
      vertex -1.23607 3.80423 -0.5
      vertex -1.24747 5.86889 -0.5
    endloop
  endfacet
  facet normal 0 0 1
    outer loop
      vertex -1.23607 3.80423 -0.5
      vertex -1.8541 5.70634 -0.5
      vertex -1.62695 3.65418 -0.5
    endloop
  endfacet
  facet normal -0 0 1
    outer loop
      vertex -2.44042 5.48127 -0.5
      vertex -1.62695 3.65418 -0.5
      vertex -1.8541 5.70634 -0.5
    endloop
  endfacet
  facet normal 0 0 1
    outer loop
      vertex -1.62695 3.65418 -0.5
      vertex -2.44042 5.48127 -0.5
      vertex -2 3.4641 -0.5
    endloop
  endfacet
  facet normal -0 0 1
    outer loop
      vertex -3 5.19615 -0.5
      vertex -2 3.4641 -0.5
      vertex -2.44042 5.48127 -0.5
    endloop
  endfacet
  facet normal 0 0 1
    outer loop
      vertex -2 3.4641 -0.5
      vertex -3 5.19615 -0.5
      vertex -2.35114 3.23607 -0.5
    endloop
  endfacet
  facet normal -0 0 1
    outer loop
      vertex -3.52671 4.8541 -0.5
      vertex -2.35114 3.23607 -0.5
      vertex -3 5.19615 -0.5
    endloop
  endfacet
  facet normal 0 0 1
    outer loop
      vertex -2.35114 3.23607 -0.5
      vertex -3.52671 4.8541 -0.5
      vertex -2.67652 2.97258 -0.5
    endloop
  endfacet
  facet normal -0 0 1
    outer loop
      vertex -4.01478 4.45887 -0.5
      vertex -2.67652 2.97258 -0.5
      vertex -3.52671 4.8541 -0.5
    endloop
  endfacet
  facet normal 0 0 1
    outer loop
      vertex -2.67652 2.97258 -0.5
      vertex -4.01478 4.45887 -0.5
      vertex -2.97258 2.67652 -0.5
    endloop
  endfacet
  facet normal -0 0 1
    outer loop
      vertex -4.45887 4.01478 -0.5
      vertex -2.97258 2.67652 -0.5
      vertex -4.01478 4.45887 -0.5
    endloop
  endfacet
  facet normal 0 0 1
    outer loop
      vertex -2.97258 2.67652 -0.5
      vertex -4.45887 4.01478 -0.5
      vertex -3.23607 2.35114 -0.5
    endloop
  endfacet
  facet normal -0 0 1
    outer loop
      vertex -4.8541 3.52671 -0.5
      vertex -3.23607 2.35114 -0.5
      vertex -4.45887 4.01478 -0.5
    endloop
  endfacet
  facet normal 0 0 1
    outer loop
      vertex -3.23607 2.35114 -0.5
      vertex -4.8541 3.52671 -0.5
      vertex -3.4641 2 -0.5
    endloop
  endfacet
  facet normal -0 0 1
    outer loop
      vertex -5.19615 3 -0.5
      vertex -3.4641 2 -0.5
      vertex -4.8541 3.52671 -0.5
    endloop
  endfacet
  facet normal -0 0 1
    outer loop
      vertex -5.48127 2.44042 -0.5
      vertex -3.65418 1.62695 -0.5
      vertex -5.19615 3 -0.5
    endloop
  endfacet
  facet normal 0 0 1
    outer loop
      vertex -3.4641 2 -0.5
      vertex -5.19615 3 -0.5
      vertex -3.65418 1.62695 -0.5
    endloop
  endfacet
  facet normal 0 0 1
    outer loop
      vertex 5.48127 -2.44042 -0.5
      vertex 3.65418 -1.62695 -0.5
      vertex 5.19615 -3 -0.5
    endloop
  endfacet
  facet normal -0 0 1
    outer loop
      vertex 3.4641 -2 -0.5
      vertex 5.19615 -3 -0.5
      vertex 3.65418 -1.62695 -0.5
    endloop
  endfacet
  facet normal 0 0 1
    outer loop
      vertex 5.19615 -3 -0.5
      vertex 3.4641 -2 -0.5
      vertex 4.8541 -3.52671 -0.5
    endloop
  endfacet
  facet normal -0 0 1
    outer loop
      vertex 3.23607 -2.35114 -0.5
      vertex 4.8541 -3.52671 -0.5
      vertex 3.4641 -2 -0.5
    endloop
  endfacet
  facet normal 0 0 1
    outer loop
      vertex 4.8541 -3.52671 -0.5
      vertex 3.23607 -2.35114 -0.5
      vertex 4.45887 -4.01478 -0.5
    endloop
  endfacet
  facet normal -0 0 1
    outer loop
      vertex 2.97258 -2.67652 -0.5
      vertex 4.45887 -4.01478 -0.5
      vertex 3.23607 -2.35114 -0.5
    endloop
  endfacet
  facet normal 0 0 1
    outer loop
      vertex 4.45887 -4.01478 -0.5
      vertex 2.97258 -2.67652 -0.5
      vertex 4.01478 -4.45887 -0.5
    endloop
  endfacet
  facet normal -0 0 1
    outer loop
      vertex 2.67652 -2.97258 -0.5
      vertex 4.01478 -4.45887 -0.5
      vertex 2.97258 -2.67652 -0.5
    endloop
  endfacet
  facet normal 0 0 1
    outer loop
      vertex 4.01478 -4.45887 -0.5
      vertex 2.67652 -2.97258 -0.5
      vertex 3.52671 -4.8541 -0.5
    endloop
  endfacet
  facet normal -0 0 1
    outer loop
      vertex 2.35114 -3.23607 -0.5
      vertex 3.52671 -4.8541 -0.5
      vertex 2.67652 -2.97258 -0.5
    endloop
  endfacet
  facet normal 0 0 1
    outer loop
      vertex 3.52671 -4.8541 -0.5
      vertex 2.35114 -3.23607 -0.5
      vertex 3 -5.19615 -0.5
    endloop
  endfacet
  facet normal -0 0 1
    outer loop
      vertex 2 -3.4641 -0.5
      vertex 3 -5.19615 -0.5
      vertex 2.35114 -3.23607 -0.5
    endloop
  endfacet
  facet normal 0 0 1
    outer loop
      vertex 3 -5.19615 -0.5
      vertex 2 -3.4641 -0.5
      vertex 2.44042 -5.48127 -0.5
    endloop
  endfacet
  facet normal -0 0 1
    outer loop
      vertex 1.62695 -3.65418 -0.5
      vertex 2.44042 -5.48127 -0.5
      vertex 2 -3.4641 -0.5
    endloop
  endfacet
  facet normal 0 0 1
    outer loop
      vertex 2.44042 -5.48127 -0.5
      vertex 1.62695 -3.65418 -0.5
      vertex 1.8541 -5.70634 -0.5
    endloop
  endfacet
  facet normal -0 0 1
    outer loop
      vertex 1.23607 -3.80423 -0.5
      vertex 1.8541 -5.70634 -0.5
      vertex 1.62695 -3.65418 -0.5
    endloop
  endfacet
  facet normal 0 0 1
    outer loop
      vertex 1.8541 -5.70634 -0.5
      vertex 1.23607 -3.80423 -0.5
      vertex 1.24747 -5.86889 -0.5
    endloop
  endfacet
  facet normal -0 0 1
    outer loop
      vertex 0.831646 -3.91259 -0.5
      vertex 1.24747 -5.86889 -0.5
      vertex 1.23607 -3.80423 -0.5
    endloop
  endfacet
  facet normal 0 0 1
    outer loop
      vertex 0.831646 -3.91259 -0.5
      vertex 0.627171 -5.96713 -0.5
      vertex 1.24747 -5.86889 -0.5
    endloop
  endfacet
  facet normal -0 0 1
    outer loop
      vertex 0.418114 -3.97809 -0.5
      vertex 0.627171 -5.96713 -0.5
      vertex 0.831646 -3.91259 -0.5
    endloop
  endfacet
  facet normal -0 0 1
    outer loop
      vertex 0 -4 -0.5
      vertex 0.627171 -5.96713 -0.5
      vertex 0.418114 -3.97809 -0.5
    endloop
  endfacet
  facet normal 0 0 1
    outer loop
      vertex 0 -4 -0.5
      vertex 0 -6 -0.5
      vertex 0.627171 -5.96713 -0.5
    endloop
  endfacet
  facet normal 0 0 1
    outer loop
      vertex -0.418114 -3.97809 -0.5
      vertex 0 -6 -0.5
      vertex 0 -4 -0.5
    endloop
  endfacet
  facet normal 0 0 1
    outer loop
      vertex -0.418114 -3.97809 -0.5
      vertex -0.627171 -5.96713 -0.5
      vertex 0 -6 -0.5
    endloop
  endfacet
  facet normal 0 0 1
    outer loop
      vertex -0.831646 -3.91259 -0.5
      vertex -0.627171 -5.96713 -0.5
      vertex -0.418114 -3.97809 -0.5
    endloop
  endfacet
  facet normal 0 0 1
    outer loop
      vertex -1.24747 -5.86889 -0.5
      vertex -0.831646 -3.91259 -0.5
      vertex -1.23607 -3.80423 -0.5
    endloop
  endfacet
  facet normal 0 0 1
    outer loop
      vertex -0.831646 -3.91259 -0.5
      vertex -1.24747 -5.86889 -0.5
      vertex -0.627171 -5.96713 -0.5
    endloop
  endfacet
  facet normal 0 0 1
    outer loop
      vertex -1.8541 -5.70634 -0.5
      vertex -1.23607 -3.80423 -0.5
      vertex -1.62695 -3.65418 -0.5
    endloop
  endfacet
  facet normal 0 0 1
    outer loop
      vertex -1.23607 -3.80423 -0.5
      vertex -1.8541 -5.70634 -0.5
      vertex -1.24747 -5.86889 -0.5
    endloop
  endfacet
  facet normal 0 0 1
    outer loop
      vertex -2.44042 -5.48127 -0.5
      vertex -1.62695 -3.65418 -0.5
      vertex -2 -3.4641 -0.5
    endloop
  endfacet
  facet normal 0 0 1
    outer loop
      vertex -3 -5.19615 -0.5
      vertex -2 -3.4641 -0.5
      vertex -2.35114 -3.23607 -0.5
    endloop
  endfacet
  facet normal 0 0 1
    outer loop
      vertex -1.62695 -3.65418 -0.5
      vertex -2.44042 -5.48127 -0.5
      vertex -1.8541 -5.70634 -0.5
    endloop
  endfacet
  facet normal 0 0 1
    outer loop
      vertex -3.52671 -4.8541 -0.5
      vertex -2.35114 -3.23607 -0.5
      vertex -2.67652 -2.97258 -0.5
    endloop
  endfacet
  facet normal 0 0 1
    outer loop
      vertex -4.01478 -4.45887 -0.5
      vertex -2.67652 -2.97258 -0.5
      vertex -2.97258 -2.67652 -0.5
    endloop
  endfacet
  facet normal 0 0 1
    outer loop
      vertex -2 -3.4641 -0.5
      vertex -3 -5.19615 -0.5
      vertex -2.44042 -5.48127 -0.5
    endloop
  endfacet
  facet normal 0 0 1
    outer loop
      vertex -4.45887 -4.01478 -0.5
      vertex -2.97258 -2.67652 -0.5
      vertex -3.23607 -2.35114 -0.5
    endloop
  endfacet
  facet normal 0 0 1
    outer loop
      vertex -4.8541 -3.52671 -0.5
      vertex -3.23607 -2.35114 -0.5
      vertex -3.4641 -2 -0.5
    endloop
  endfacet
  facet normal 0 0 1
    outer loop
      vertex -2.35114 -3.23607 -0.5
      vertex -3.52671 -4.8541 -0.5
      vertex -3 -5.19615 -0.5
    endloop
  endfacet
  facet normal 0 0 1
    outer loop
      vertex -5.19615 -3 -0.5
      vertex -3.4641 -2 -0.5
      vertex -3.65418 -1.62695 -0.5
    endloop
  endfacet
  facet normal 0 0 1
    outer loop
      vertex -5.48127 -2.44042 -0.5
      vertex -3.65418 -1.62695 -0.5
      vertex -3.80423 -1.23607 -0.5
    endloop
  endfacet
  facet normal 0 0 1
    outer loop
      vertex -5.70634 -1.8541 -0.5
      vertex -3.80423 -1.23607 -0.5
      vertex -3.91259 -0.831646 -0.5
    endloop
  endfacet
  facet normal 0 0 1
    outer loop
      vertex -5.86889 -1.24747 -0.5
      vertex -3.91259 -0.831646 -0.5
      vertex -3.97809 -0.418114 -0.5
    endloop
  endfacet
  facet normal 0 0 1
    outer loop
      vertex -2.67652 -2.97258 -0.5
      vertex -4.01478 -4.45887 -0.5
      vertex -3.52671 -4.8541 -0.5
    endloop
  endfacet
  facet normal 0 0 1
    outer loop
      vertex -5.96713 -0.627171 -0.5
      vertex -3.97809 -0.418114 -0.5
      vertex -4 0 -0.5
    endloop
  endfacet
  facet normal 0 0 1
    outer loop
      vertex -3.65418 1.62695 -0.5
      vertex -5.48127 2.44042 -0.5
      vertex -3.80423 1.23607 -0.5
    endloop
  endfacet
  facet normal -0 0 1
    outer loop
      vertex -5.70634 1.8541 -0.5
      vertex -3.80423 1.23607 -0.5
      vertex -5.48127 2.44042 -0.5
    endloop
  endfacet
  facet normal 0 0 1
    outer loop
      vertex -2.97258 -2.67652 -0.5
      vertex -4.45887 -4.01478 -0.5
      vertex -4.01478 -4.45887 -0.5
    endloop
  endfacet
  facet normal 0 0 1
    outer loop
      vertex -3.80423 1.23607 -0.5
      vertex -5.70634 1.8541 -0.5
      vertex -3.91259 0.831646 -0.5
    endloop
  endfacet
  facet normal 0 0 1
    outer loop
      vertex -3.23607 -2.35114 -0.5
      vertex -4.8541 -3.52671 -0.5
      vertex -4.45887 -4.01478 -0.5
    endloop
  endfacet
  facet normal -0 0 1
    outer loop
      vertex -5.86889 1.24747 -0.5
      vertex -3.91259 0.831646 -0.5
      vertex -5.70634 1.8541 -0.5
    endloop
  endfacet
  facet normal 0 0 1
    outer loop
      vertex -3.4641 -2 -0.5
      vertex -5.19615 -3 -0.5
      vertex -4.8541 -3.52671 -0.5
    endloop
  endfacet
  facet normal 0 0 1
    outer loop
      vertex -3.91259 0.831646 -0.5
      vertex -5.86889 1.24747 -0.5
      vertex -3.97809 0.418114 -0.5
    endloop
  endfacet
  facet normal 0 0 1
    outer loop
      vertex -3.65418 -1.62695 -0.5
      vertex -5.48127 -2.44042 -0.5
      vertex -5.19615 -3 -0.5
    endloop
  endfacet
  facet normal -0 0 1
    outer loop
      vertex -5.96713 0.627171 -0.5
      vertex -3.97809 0.418114 -0.5
      vertex -5.86889 1.24747 -0.5
    endloop
  endfacet
  facet normal 0 0 1
    outer loop
      vertex -3.80423 -1.23607 -0.5
      vertex -5.70634 -1.8541 -0.5
      vertex -5.48127 -2.44042 -0.5
    endloop
  endfacet
  facet normal 0 0 1
    outer loop
      vertex -3.97809 0.418114 -0.5
      vertex -5.96713 0.627171 -0.5
      vertex -4 0 -0.5
    endloop
  endfacet
  facet normal 0 0 1
    outer loop
      vertex -3.91259 -0.831646 -0.5
      vertex -5.86889 -1.24747 -0.5
      vertex -5.70634 -1.8541 -0.5
    endloop
  endfacet
  facet normal 0 0 1
    outer loop
      vertex -6 0 -0.5
      vertex -4 0 -0.5
      vertex -5.96713 0.627171 -0.5
    endloop
  endfacet
  facet normal 0 0 1
    outer loop
      vertex -3.97809 -0.418114 -0.5
      vertex -5.96713 -0.627171 -0.5
      vertex -5.86889 -1.24747 -0.5
    endloop
  endfacet
  facet normal 0 0 1
    outer loop
      vertex -4 0 -0.5
      vertex -6 0 -0.5
      vertex -5.96713 -0.627171 -0.5
    endloop
  endfacet
  facet normal 0 0 -1
    outer loop
      vertex 2.6 0 -5.5
      vertex 6 0 -5.5
      vertex 5.96713 -0.627171 -5.5
    endloop
  endfacet
  facet normal 0 0 -1
    outer loop
      vertex 2.58576 -0.271773 -5.5
      vertex 5.96713 -0.627171 -5.5
      vertex 5.86889 -1.24747 -5.5
    endloop
  endfacet
  facet normal 0 0 -1
    outer loop
      vertex 6 0 -5.5
      vertex 2.6 0 -5.5
      vertex 5.96713 0.627171 -5.5
    endloop
  endfacet
  facet normal 0 0 -1
    outer loop
      vertex 2.54318 -0.54057 -5.5
      vertex 5.86889 -1.24747 -5.5
      vertex 5.70634 -1.8541 -5.5
    endloop
  endfacet
  facet normal 0 0 -1
    outer loop
      vertex 2.58576 0.271773 -5.5
      vertex 5.96713 0.627171 -5.5
      vertex 2.6 0 -5.5
    endloop
  endfacet
  facet normal 0 0 -1
    outer loop
      vertex 2.47275 -0.803444 -5.5
      vertex 5.70634 -1.8541 -5.5
      vertex 5.48127 -2.44042 -5.5
    endloop
  endfacet
  facet normal -0 0 -1
    outer loop
      vertex 5.96713 0.627171 -5.5
      vertex 2.58576 0.271773 -5.5
      vertex 5.86889 1.24747 -5.5
    endloop
  endfacet
  facet normal 0 0 -1
    outer loop
      vertex 2.37522 -1.05752 -5.5
      vertex 5.48127 -2.44042 -5.5
      vertex 5.19615 -3 -5.5
    endloop
  endfacet
  facet normal 0 0 -1
    outer loop
      vertex 2.54318 0.54057 -5.5
      vertex 5.86889 1.24747 -5.5
      vertex 2.58576 0.271773 -5.5
    endloop
  endfacet
  facet normal 0 0 -1
    outer loop
      vertex 2.25167 -1.3 -5.5
      vertex 5.19615 -3 -5.5
      vertex 4.8541 -3.52671 -5.5
    endloop
  endfacet
  facet normal -0 0 -1
    outer loop
      vertex 5.86889 1.24747 -5.5
      vertex 2.54318 0.54057 -5.5
      vertex 5.70634 1.8541 -5.5
    endloop
  endfacet
  facet normal 0 0 -1
    outer loop
      vertex 2.12178 -1.5 -5.5
      vertex 4.8541 -3.52671 -5.5
      vertex 4.45887 -4.01478 -5.5
    endloop
  endfacet
  facet normal 0 0 -1
    outer loop
      vertex 2.47275 0.803444 -5.5
      vertex 5.70634 1.8541 -5.5
      vertex 2.54318 0.54057 -5.5
    endloop
  endfacet
  facet normal 0 0 -1
    outer loop
      vertex 2.12178 -1.5 -5.5
      vertex 4.45887 -4.01478 -5.5
      vertex 4.01478 -4.45887 -5.5
    endloop
  endfacet
  facet normal -0 0 -1
    outer loop
      vertex 5.70634 1.8541 -5.5
      vertex 2.47275 0.803444 -5.5
      vertex 5.48127 2.44042 -5.5
    endloop
  endfacet
  facet normal 0 0 -1
    outer loop
      vertex 2.12178 -1.5 -5.5
      vertex 4.01478 -4.45887 -5.5
      vertex 3.52671 -4.8541 -5.5
    endloop
  endfacet
  facet normal 0 0 -1
    outer loop
      vertex 2.37522 1.05752 -5.5
      vertex 5.48127 2.44042 -5.5
      vertex 2.47275 0.803444 -5.5
    endloop
  endfacet
  facet normal 0 0 -1
    outer loop
      vertex 2.12178 -1.5 -5.5
      vertex 3.52671 -4.8541 -5.5
      vertex 3 -5.19615 -5.5
    endloop
  endfacet
  facet normal -0 0 -1
    outer loop
      vertex 5.48127 2.44042 -5.5
      vertex 2.37522 1.05752 -5.5
      vertex 5.19615 3 -5.5
    endloop
  endfacet
  facet normal 0 0 -1
    outer loop
      vertex 2.25167 1.3 -5.5
      vertex 5.19615 3 -5.5
      vertex 2.37522 1.05752 -5.5
    endloop
  endfacet
  facet normal 0 0 -1
    outer loop
      vertex 5.96713 -0.627171 -5.5
      vertex 2.58576 -0.271773 -5.5
      vertex 2.6 0 -5.5
    endloop
  endfacet
  facet normal 0 0 -1
    outer loop
      vertex 5.86889 -1.24747 -5.5
      vertex 2.54318 -0.54057 -5.5
      vertex 2.58576 -0.271773 -5.5
    endloop
  endfacet
  facet normal 0 0 -1
    outer loop
      vertex 5.70634 -1.8541 -5.5
      vertex 2.47275 -0.803444 -5.5
      vertex 2.54318 -0.54057 -5.5
    endloop
  endfacet
  facet normal 0 0 -1
    outer loop
      vertex 2.12178 -1.5 -5.5
      vertex 3 -5.19615 -5.5
      vertex 2.44042 -5.48127 -5.5
    endloop
  endfacet
  facet normal 0 0 -1
    outer loop
      vertex 5.48127 -2.44042 -5.5
      vertex 2.37522 -1.05752 -5.5
      vertex 2.47275 -0.803444 -5.5
    endloop
  endfacet
  facet normal 0 0 -1
    outer loop
      vertex 5.19615 -3 -5.5
      vertex 2.25167 -1.3 -5.5
      vertex 2.37522 -1.05752 -5.5
    endloop
  endfacet
  facet normal 0 0 -1
    outer loop
      vertex 4.8541 -3.52671 -5.5
      vertex 2.12178 -1.5 -5.5
      vertex 2.25167 -1.3 -5.5
    endloop
  endfacet
  facet normal 0 0 -1
    outer loop
      vertex 1.8541 -5.70634 -5.5
      vertex 2.12178 -1.5 -5.5
      vertex 2.44042 -5.48127 -5.5
    endloop
  endfacet
  facet normal 0 0 -1
    outer loop
      vertex 1.24747 -5.86889 -5.5
      vertex 2.12178 -1.5 -5.5
      vertex 1.8541 -5.70634 -5.5
    endloop
  endfacet
  facet normal 0 0 -1
    outer loop
      vertex 0.627171 -5.96713 -5.5
      vertex 2.12178 -1.5 -5.5
      vertex 1.24747 -5.86889 -5.5
    endloop
  endfacet
  facet normal 0 0 -1
    outer loop
      vertex 0 -6 -5.5
      vertex 2.12178 -1.5 -5.5
      vertex 0.627171 -5.96713 -5.5
    endloop
  endfacet
  facet normal 0 0 -1
    outer loop
      vertex -2.12178 -1.5 -5.5
      vertex 0 -6 -5.5
      vertex -0.627171 -5.96713 -5.5
    endloop
  endfacet
  facet normal 0 0 -1
    outer loop
      vertex -2.12178 -1.5 -5.5
      vertex -0.627171 -5.96713 -5.5
      vertex -1.24747 -5.86889 -5.5
    endloop
  endfacet
  facet normal 0 0 -1
    outer loop
      vertex -2.12178 -1.5 -5.5
      vertex -1.24747 -5.86889 -5.5
      vertex -1.8541 -5.70634 -5.5
    endloop
  endfacet
  facet normal 0 0 -1
    outer loop
      vertex 0 -6 -5.5
      vertex -2.12178 -1.5 -5.5
      vertex 2.12178 -1.5 -5.5
    endloop
  endfacet
  facet normal 0 0 -1
    outer loop
      vertex -2.44042 -5.48127 -5.5
      vertex -2.12178 -1.5 -5.5
      vertex -1.8541 -5.70634 -5.5
    endloop
  endfacet
  facet normal 0 0 -1
    outer loop
      vertex -3 -5.19615 -5.5
      vertex -2.12178 -1.5 -5.5
      vertex -2.44042 -5.48127 -5.5
    endloop
  endfacet
  facet normal 0 0 -1
    outer loop
      vertex -3.52671 -4.8541 -5.5
      vertex -2.12178 -1.5 -5.5
      vertex -3 -5.19615 -5.5
    endloop
  endfacet
  facet normal 0 0 -1
    outer loop
      vertex -4.01478 -4.45887 -5.5
      vertex -2.12178 -1.5 -5.5
      vertex -3.52671 -4.8541 -5.5
    endloop
  endfacet
  facet normal 0 0 -1
    outer loop
      vertex -4.45887 -4.01478 -5.5
      vertex -2.12178 -1.5 -5.5
      vertex -4.01478 -4.45887 -5.5
    endloop
  endfacet
  facet normal 0 0 -1
    outer loop
      vertex -4.8541 -3.52671 -5.5
      vertex -2.12178 -1.5 -5.5
      vertex -4.45887 -4.01478 -5.5
    endloop
  endfacet
  facet normal -0 0 -1
    outer loop
      vertex -2.12178 -1.5 -5.5
      vertex -4.8541 -3.52671 -5.5
      vertex -2.25167 -1.3 -5.5
    endloop
  endfacet
  facet normal 0 0 -1
    outer loop
      vertex -5.19615 -3 -5.5
      vertex -2.25167 -1.3 -5.5
      vertex -4.8541 -3.52671 -5.5
    endloop
  endfacet
  facet normal -0 0 -1
    outer loop
      vertex 5.19615 3 -5.5
      vertex 2.25167 1.3 -5.5
      vertex 4.8541 3.52671 -5.5
    endloop
  endfacet
  facet normal 0 0 -1
    outer loop
      vertex 2.12178 1.5 -5.5
      vertex 4.8541 3.52671 -5.5
      vertex 2.25167 1.3 -5.5
    endloop
  endfacet
  facet normal -0 0 -1
    outer loop
      vertex 4.8541 3.52671 -5.5
      vertex 2.12178 1.5 -5.5
      vertex 4.45887 4.01478 -5.5
    endloop
  endfacet
  facet normal -0 0 -1
    outer loop
      vertex 4.45887 4.01478 -5.5
      vertex 2.12178 1.5 -5.5
      vertex 4.01478 4.45887 -5.5
    endloop
  endfacet
  facet normal -0 0 -1
    outer loop
      vertex 4.01478 4.45887 -5.5
      vertex 2.12178 1.5 -5.5
      vertex 3.52671 4.8541 -5.5
    endloop
  endfacet
  facet normal -0 0 -1
    outer loop
      vertex 3.52671 4.8541 -5.5
      vertex 2.12178 1.5 -5.5
      vertex 3 5.19615 -5.5
    endloop
  endfacet
  facet normal -0 0 -1
    outer loop
      vertex 3 5.19615 -5.5
      vertex 2.12178 1.5 -5.5
      vertex 2.44042 5.48127 -5.5
    endloop
  endfacet
  facet normal 0 0 -1
    outer loop
      vertex 2.12178 1.5 -5.5
      vertex 1.8541 5.70634 -5.5
      vertex 2.44042 5.48127 -5.5
    endloop
  endfacet
  facet normal 0 0 -1
    outer loop
      vertex 2.12178 1.5 -5.5
      vertex 1.24747 5.86889 -5.5
      vertex 1.8541 5.70634 -5.5
    endloop
  endfacet
  facet normal 0 0 -1
    outer loop
      vertex 2.12178 1.5 -5.5
      vertex 0.627171 5.96713 -5.5
      vertex 1.24747 5.86889 -5.5
    endloop
  endfacet
  facet normal 0 0 -1
    outer loop
      vertex 2.12178 1.5 -5.5
      vertex 0 6 -5.5
      vertex 0.627171 5.96713 -5.5
    endloop
  endfacet
  facet normal 0 0 -1
    outer loop
      vertex -2.12178 1.5 -5.5
      vertex 0 6 -5.5
      vertex 2.12178 1.5 -5.5
    endloop
  endfacet
  facet normal 0 0 -1
    outer loop
      vertex 0 6 -5.5
      vertex -2.12178 1.5 -5.5
      vertex -0.627171 5.96713 -5.5
    endloop
  endfacet
  facet normal 0 0 -1
    outer loop
      vertex -0.627171 5.96713 -5.5
      vertex -2.12178 1.5 -5.5
      vertex -1.24747 5.86889 -5.5
    endloop
  endfacet
  facet normal 0 0 -1
    outer loop
      vertex -1.24747 5.86889 -5.5
      vertex -2.12178 1.5 -5.5
      vertex -1.8541 5.70634 -5.5
    endloop
  endfacet
  facet normal 0 0 -1
    outer loop
      vertex -4.8541 3.52671 -5.5
      vertex -2.12178 1.5 -5.5
      vertex -2.25167 1.3 -5.5
    endloop
  endfacet
  facet normal 0 0 -1
    outer loop
      vertex -5.19615 3 -5.5
      vertex -2.25167 1.3 -5.5
      vertex -2.37522 1.05752 -5.5
    endloop
  endfacet
  facet normal 0 0 -1
    outer loop
      vertex -2.12178 1.5 -5.5
      vertex -2.44042 5.48127 -5.5
      vertex -1.8541 5.70634 -5.5
    endloop
  endfacet
  facet normal 0 0 -1
    outer loop
      vertex -5.48127 2.44042 -5.5
      vertex -2.37522 1.05752 -5.5
      vertex -2.47275 0.803444 -5.5
    endloop
  endfacet
  facet normal 0 0 -1
    outer loop
      vertex -5.70634 1.8541 -5.5
      vertex -2.47275 0.803444 -5.5
      vertex -2.54318 0.54057 -5.5
    endloop
  endfacet
  facet normal 0 0 -1
    outer loop
      vertex -5.86889 1.24747 -5.5
      vertex -2.54318 0.54057 -5.5
      vertex -2.58576 0.271773 -5.5
    endloop
  endfacet
  facet normal 0 0 -1
    outer loop
      vertex -5.96713 0.627171 -5.5
      vertex -2.58576 0.271773 -5.5
      vertex -2.6 0 -5.5
    endloop
  endfacet
  facet normal -0 0 -1
    outer loop
      vertex -2.25167 -1.3 -5.5
      vertex -5.19615 -3 -5.5
      vertex -2.37522 -1.05752 -5.5
    endloop
  endfacet
  facet normal 0 0 -1
    outer loop
      vertex -2.12178 1.5 -5.5
      vertex -3 5.19615 -5.5
      vertex -2.44042 5.48127 -5.5
    endloop
  endfacet
  facet normal 0 0 -1
    outer loop
      vertex -5.48127 -2.44042 -5.5
      vertex -2.37522 -1.05752 -5.5
      vertex -5.19615 -3 -5.5
    endloop
  endfacet
  facet normal 0 0 -1
    outer loop
      vertex -2.12178 1.5 -5.5
      vertex -3.52671 4.8541 -5.5
      vertex -3 5.19615 -5.5
    endloop
  endfacet
  facet normal -0 0 -1
    outer loop
      vertex -2.37522 -1.05752 -5.5
      vertex -5.48127 -2.44042 -5.5
      vertex -2.47275 -0.803444 -5.5
    endloop
  endfacet
  facet normal 0 0 -1
    outer loop
      vertex -2.12178 1.5 -5.5
      vertex -4.01478 4.45887 -5.5
      vertex -3.52671 4.8541 -5.5
    endloop
  endfacet
  facet normal 0 0 -1
    outer loop
      vertex -5.70634 -1.8541 -5.5
      vertex -2.47275 -0.803444 -5.5
      vertex -5.48127 -2.44042 -5.5
    endloop
  endfacet
  facet normal 0 0 -1
    outer loop
      vertex -2.12178 1.5 -5.5
      vertex -4.45887 4.01478 -5.5
      vertex -4.01478 4.45887 -5.5
    endloop
  endfacet
  facet normal -0 0 -1
    outer loop
      vertex -2.47275 -0.803444 -5.5
      vertex -5.70634 -1.8541 -5.5
      vertex -2.54318 -0.54057 -5.5
    endloop
  endfacet
  facet normal 0 0 -1
    outer loop
      vertex -2.12178 1.5 -5.5
      vertex -4.8541 3.52671 -5.5
      vertex -4.45887 4.01478 -5.5
    endloop
  endfacet
  facet normal 0 0 -1
    outer loop
      vertex -5.86889 -1.24747 -5.5
      vertex -2.54318 -0.54057 -5.5
      vertex -5.70634 -1.8541 -5.5
    endloop
  endfacet
  facet normal 0 0 -1
    outer loop
      vertex -2.25167 1.3 -5.5
      vertex -5.19615 3 -5.5
      vertex -4.8541 3.52671 -5.5
    endloop
  endfacet
  facet normal -0 0 -1
    outer loop
      vertex -2.54318 -0.54057 -5.5
      vertex -5.86889 -1.24747 -5.5
      vertex -2.58576 -0.271773 -5.5
    endloop
  endfacet
  facet normal 0 0 -1
    outer loop
      vertex -2.37522 1.05752 -5.5
      vertex -5.48127 2.44042 -5.5
      vertex -5.19615 3 -5.5
    endloop
  endfacet
  facet normal 0 0 -1
    outer loop
      vertex -5.96713 -0.627171 -5.5
      vertex -2.58576 -0.271773 -5.5
      vertex -5.86889 -1.24747 -5.5
    endloop
  endfacet
  facet normal 0 0 -1
    outer loop
      vertex -2.47275 0.803444 -5.5
      vertex -5.70634 1.8541 -5.5
      vertex -5.48127 2.44042 -5.5
    endloop
  endfacet
  facet normal -0 0 -1
    outer loop
      vertex -2.58576 -0.271773 -5.5
      vertex -5.96713 -0.627171 -5.5
      vertex -2.6 0 -5.5
    endloop
  endfacet
  facet normal 0 0 -1
    outer loop
      vertex -2.54318 0.54057 -5.5
      vertex -5.86889 1.24747 -5.5
      vertex -5.70634 1.8541 -5.5
    endloop
  endfacet
  facet normal 0 0 -1
    outer loop
      vertex -6 0 -5.5
      vertex -2.6 0 -5.5
      vertex -5.96713 -0.627171 -5.5
    endloop
  endfacet
  facet normal 0 0 -1
    outer loop
      vertex -2.58576 0.271773 -5.5
      vertex -5.96713 0.627171 -5.5
      vertex -5.86889 1.24747 -5.5
    endloop
  endfacet
  facet normal 0 0 -1
    outer loop
      vertex -2.6 0 -5.5
      vertex -6 0 -5.5
      vertex -5.96713 0.627171 -5.5
    endloop
  endfacet
  facet normal 0.0523381 -0.998629 0
    outer loop
      vertex 0 -6 -5.5
      vertex 0.627171 -5.96713 -0.5
      vertex 0 -6 -0.5
    endloop
  endfacet
  facet normal 0.0523381 -0.998629 0
    outer loop
      vertex 0.627171 -5.96713 -0.5
      vertex 0 -6 -5.5
      vertex 0.627171 -5.96713 -5.5
    endloop
  endfacet
  facet normal 0.54464 0.83867 -0
    outer loop
      vertex 3.52671 4.8541 -5.5
      vertex 3 5.19615 -0.5
      vertex 3.52671 4.8541 -0.5
    endloop
  endfacet
  facet normal 0.54464 0.83867 0
    outer loop
      vertex 3 5.19615 -0.5
      vertex 3.52671 4.8541 -5.5
      vertex 3 5.19615 -5.5
    endloop
  endfacet
  facet normal 0.998629 0.0523381 0
    outer loop
      vertex 6 0 -0.5
      vertex 5.96713 0.627171 -5.5
      vertex 5.96713 0.627171 -0.5
    endloop
  endfacet
  facet normal 0.998629 0.0523381 0
    outer loop
      vertex 5.96713 0.627171 -5.5
      vertex 6 0 -0.5
      vertex 6 0 -5.5
    endloop
  endfacet
  facet normal 0.358372 -0.933579 0
    outer loop
      vertex 1.8541 -5.70634 -5.5
      vertex 2.44042 -5.48127 -0.5
      vertex 1.8541 -5.70634 -0.5
    endloop
  endfacet
  facet normal 0.358372 -0.933579 0
    outer loop
      vertex 2.44042 -5.48127 -0.5
      vertex 1.8541 -5.70634 -5.5
      vertex 2.44042 -5.48127 -5.5
    endloop
  endfacet
  facet normal -0.707107 -0.707107 0
    outer loop
      vertex -4.01478 -4.45887 -5.5
      vertex -4.45887 -4.01478 -0.5
      vertex -4.45887 -4.01478 -5.5
    endloop
  endfacet
  facet normal -0.707107 -0.707107 0
    outer loop
      vertex -4.45887 -4.01478 -0.5
      vertex -4.01478 -4.45887 -5.5
      vertex -4.01478 -4.45887 -0.5
    endloop
  endfacet
  facet normal -0.987687 -0.156441 0
    outer loop
      vertex -3.91259 -0.831646 -0.5
      vertex -3.97809 -0.418114 5.5
      vertex -3.97809 -0.418114 -0.5
    endloop
  endfacet
  facet normal -0.987687 -0.156441 0
    outer loop
      vertex -3.97809 -0.418114 5.5
      vertex -3.91259 -0.831646 -0.5
      vertex -3.91259 -0.831646 5.5
    endloop
  endfacet
  facet normal -0.965929 0.258808 0
    outer loop
      vertex -3.91259 0.831646 -0.5
      vertex -3.80423 1.23607 5.5
      vertex -3.80423 1.23607 -0.5
    endloop
  endfacet
  facet normal -0.965929 0.258808 0
    outer loop
      vertex -3.80423 1.23607 5.5
      vertex -3.91259 0.831646 -0.5
      vertex -3.91259 0.831646 5.5
    endloop
  endfacet
  facet normal 0.544634 0.838674 -0
    outer loop
      vertex 2.35114 3.23607 -0.5
      vertex 2 3.4641 5.5
      vertex 2.35114 3.23607 5.5
    endloop
  endfacet
  facet normal 0.544634 0.838674 0
    outer loop
      vertex 2 3.4641 5.5
      vertex 2.35114 3.23607 -0.5
      vertex 2 3.4641 -0.5
    endloop
  endfacet
  facet normal -0.99863 0.0523302 0
    outer loop
      vertex -4 0 -0.5
      vertex -3.97809 0.418114 5.5
      vertex -3.97809 0.418114 -0.5
    endloop
  endfacet
  facet normal -0.99863 0.0523302 0
    outer loop
      vertex -3.97809 0.418114 5.5
      vertex -4 0 -0.5
      vertex -4 0 5.5
    endloop
  endfacet
  facet normal 0.707107 0.707107 0
    outer loop
      vertex 2.97258 2.67652 5.5
      vertex 2.67652 2.97258 -0.5
      vertex 2.67652 2.97258 5.5
    endloop
  endfacet
  facet normal 0.707107 0.707107 0
    outer loop
      vertex 2.67652 2.97258 -0.5
      vertex 2.97258 2.67652 5.5
      vertex 2.97258 2.67652 -0.5
    endloop
  endfacet
  facet normal 0.453993 -0.891005 0
    outer loop
      vertex 1.62695 -3.65418 -0.5
      vertex 2 -3.4641 5.5
      vertex 1.62695 -3.65418 5.5
    endloop
  endfacet
  facet normal 0.453993 -0.891005 0
    outer loop
      vertex 2 -3.4641 5.5
      vertex 1.62695 -3.65418 -0.5
      vertex 2 -3.4641 -0.5
    endloop
  endfacet
  facet normal -0.933576 0.358379 0
    outer loop
      vertex -3.80423 1.23607 -0.5
      vertex -3.65418 1.62695 5.5
      vertex -3.65418 1.62695 -0.5
    endloop
  endfacet
  facet normal -0.933576 0.358379 0
    outer loop
      vertex -3.65418 1.62695 5.5
      vertex -3.80423 1.23607 -0.5
      vertex -3.80423 1.23607 5.5
    endloop
  endfacet
  facet normal 0.544634 -0.838674 0
    outer loop
      vertex 2 -3.4641 -0.5
      vertex 2.35114 -3.23607 5.5
      vertex 2 -3.4641 5.5
    endloop
  endfacet
  facet normal 0.544634 -0.838674 0
    outer loop
      vertex 2.35114 -3.23607 5.5
      vertex 2 -3.4641 -0.5
      vertex 2.35114 -3.23607 -0.5
    endloop
  endfacet
  facet normal -0.258808 -0.965929 0
    outer loop
      vertex -1.23607 -3.80423 -0.5
      vertex -0.831646 -3.91259 5.5
      vertex -1.23607 -3.80423 5.5
    endloop
  endfacet
  facet normal -0.258808 -0.965929 -0
    outer loop
      vertex -0.831646 -3.91259 5.5
      vertex -1.23607 -3.80423 -0.5
      vertex -0.831646 -3.91259 -0.5
    endloop
  endfacet
  facet normal 0.933576 -0.358379 0
    outer loop
      vertex 3.65418 -1.62695 5.5
      vertex 3.80423 -1.23607 -0.5
      vertex 3.80423 -1.23607 5.5
    endloop
  endfacet
  facet normal 0.933576 -0.358379 0
    outer loop
      vertex 3.80423 -1.23607 -0.5
      vertex 3.65418 -1.62695 5.5
      vertex 3.65418 -1.62695 -0.5
    endloop
  endfacet
  facet normal 0.707107 -0.707107 0
    outer loop
      vertex 2.67652 -2.97258 5.5
      vertex 2.97258 -2.67652 -0.5
      vertex 2.97258 -2.67652 5.5
    endloop
  endfacet
  facet normal 0.707107 -0.707107 0
    outer loop
      vertex 2.97258 -2.67652 -0.5
      vertex 2.67652 -2.97258 5.5
      vertex 2.67652 -2.97258 -0.5
    endloop
  endfacet
  facet normal -0.777143 -0.629324 0
    outer loop
      vertex -2.97258 -2.67652 -0.5
      vertex -3.23607 -2.35114 5.5
      vertex -3.23607 -2.35114 -0.5
    endloop
  endfacet
  facet normal -0.777143 -0.629324 0
    outer loop
      vertex -3.23607 -2.35114 5.5
      vertex -2.97258 -2.67652 -0.5
      vertex -2.97258 -2.67652 5.5
    endloop
  endfacet
  facet normal -0.99863 -0.0523302 0
    outer loop
      vertex -3.97809 -0.418114 -0.5
      vertex -4 0 5.5
      vertex -4 0 -0.5
    endloop
  endfacet
  facet normal -0.99863 -0.0523302 0
    outer loop
      vertex -4 0 5.5
      vertex -3.97809 -0.418114 -0.5
      vertex -3.97809 -0.418114 5.5
    endloop
  endfacet
  facet normal -0.453993 0.891005 0
    outer loop
      vertex -1.62695 3.65418 -0.5
      vertex -2 3.4641 5.5
      vertex -1.62695 3.65418 5.5
    endloop
  endfacet
  facet normal -0.453993 0.891005 0
    outer loop
      vertex -2 3.4641 5.5
      vertex -1.62695 3.65418 -0.5
      vertex -2 3.4641 -0.5
    endloop
  endfacet
  facet normal -0.838674 0.544634 0
    outer loop
      vertex -3.4641 2 -0.5
      vertex -3.23607 2.35114 5.5
      vertex -3.23607 2.35114 -0.5
    endloop
  endfacet
  facet normal -0.838674 0.544634 0
    outer loop
      vertex -3.23607 2.35114 5.5
      vertex -3.4641 2 -0.5
      vertex -3.4641 2 5.5
    endloop
  endfacet
  facet normal -0.0523302 0.99863 0
    outer loop
      vertex 0 4 -0.5
      vertex -0.418114 3.97809 5.5
      vertex 0 4 5.5
    endloop
  endfacet
  facet normal -0.0523302 0.99863 0
    outer loop
      vertex -0.418114 3.97809 5.5
      vertex 0 4 -0.5
      vertex -0.418114 3.97809 -0.5
    endloop
  endfacet
  facet normal -0.156441 0.987687 0
    outer loop
      vertex -0.418114 3.97809 -0.5
      vertex -0.831646 3.91259 5.5
      vertex -0.418114 3.97809 5.5
    endloop
  endfacet
  facet normal -0.156441 0.987687 0
    outer loop
      vertex -0.831646 3.91259 5.5
      vertex -0.418114 3.97809 -0.5
      vertex -0.831646 3.91259 -0.5
    endloop
  endfacet
  facet normal -0.156441 -0.987687 0
    outer loop
      vertex -0.831646 -3.91259 -0.5
      vertex -0.418114 -3.97809 5.5
      vertex -0.831646 -3.91259 5.5
    endloop
  endfacet
  facet normal -0.156441 -0.987687 -0
    outer loop
      vertex -0.418114 -3.97809 5.5
      vertex -0.831646 -3.91259 -0.5
      vertex -0.418114 -3.97809 -0.5
    endloop
  endfacet
  facet normal -0.891005 0.453993 0
    outer loop
      vertex -3.65418 1.62695 -0.5
      vertex -3.4641 2 5.5
      vertex -3.4641 2 -0.5
    endloop
  endfacet
  facet normal -0.891005 0.453993 0
    outer loop
      vertex -3.4641 2 5.5
      vertex -3.65418 1.62695 -0.5
      vertex -3.65418 1.62695 5.5
    endloop
  endfacet
  facet normal -0.965929 -0.258808 0
    outer loop
      vertex -3.80423 -1.23607 -0.5
      vertex -3.91259 -0.831646 5.5
      vertex -3.91259 -0.831646 -0.5
    endloop
  endfacet
  facet normal -0.965929 -0.258808 0
    outer loop
      vertex -3.91259 -0.831646 5.5
      vertex -3.80423 -1.23607 -0.5
      vertex -3.80423 -1.23607 5.5
    endloop
  endfacet
  facet normal -0.258808 0.965929 0
    outer loop
      vertex -0.831646 3.91259 -0.5
      vertex -1.23607 3.80423 5.5
      vertex -0.831646 3.91259 5.5
    endloop
  endfacet
  facet normal -0.258808 0.965929 0
    outer loop
      vertex -1.23607 3.80423 5.5
      vertex -0.831646 3.91259 -0.5
      vertex -1.23607 3.80423 -0.5
    endloop
  endfacet
  facet normal -0.358379 -0.933576 0
    outer loop
      vertex -1.62695 -3.65418 -0.5
      vertex -1.23607 -3.80423 5.5
      vertex -1.62695 -3.65418 5.5
    endloop
  endfacet
  facet normal -0.358379 -0.933576 -0
    outer loop
      vertex -1.23607 -3.80423 5.5
      vertex -1.62695 -3.65418 -0.5
      vertex -1.23607 -3.80423 -0.5
    endloop
  endfacet
  facet normal 0.453993 0.891005 -0
    outer loop
      vertex 2 3.4641 -0.5
      vertex 1.62695 3.65418 5.5
      vertex 2 3.4641 5.5
    endloop
  endfacet
  facet normal 0.453993 0.891005 0
    outer loop
      vertex 1.62695 3.65418 5.5
      vertex 2 3.4641 -0.5
      vertex 1.62695 3.65418 -0.5
    endloop
  endfacet
  facet normal 0.156441 0.987687 -0
    outer loop
      vertex 0.831646 3.91259 -0.5
      vertex 0.418114 3.97809 5.5
      vertex 0.831646 3.91259 5.5
    endloop
  endfacet
  facet normal 0.156441 0.987687 0
    outer loop
      vertex 0.418114 3.97809 5.5
      vertex 0.831646 3.91259 -0.5
      vertex 0.418114 3.97809 -0.5
    endloop
  endfacet
  facet normal 0.965929 0.258808 0
    outer loop
      vertex 3.91259 0.831646 5.5
      vertex 3.80423 1.23607 -0.5
      vertex 3.80423 1.23607 5.5
    endloop
  endfacet
  facet normal 0.965929 0.258808 0
    outer loop
      vertex 3.80423 1.23607 -0.5
      vertex 3.91259 0.831646 5.5
      vertex 3.91259 0.831646 -0.5
    endloop
  endfacet
  facet normal 0.258808 -0.965929 0
    outer loop
      vertex 0.831646 -3.91259 -0.5
      vertex 1.23607 -3.80423 5.5
      vertex 0.831646 -3.91259 5.5
    endloop
  endfacet
  facet normal 0.258808 -0.965929 0
    outer loop
      vertex 1.23607 -3.80423 5.5
      vertex 0.831646 -3.91259 -0.5
      vertex 1.23607 -3.80423 -0.5
    endloop
  endfacet
  facet normal -0.987687 0.156441 0
    outer loop
      vertex -3.97809 0.418114 -0.5
      vertex -3.91259 0.831646 5.5
      vertex -3.91259 0.831646 -0.5
    endloop
  endfacet
  facet normal -0.987687 0.156441 0
    outer loop
      vertex -3.91259 0.831646 5.5
      vertex -3.97809 0.418114 -0.5
      vertex -3.97809 0.418114 5.5
    endloop
  endfacet
  facet normal -0.891005 -0.453993 0
    outer loop
      vertex -3.4641 -2 -0.5
      vertex -3.65418 -1.62695 5.5
      vertex -3.65418 -1.62695 -0.5
    endloop
  endfacet
  facet normal -0.891005 -0.453993 0
    outer loop
      vertex -3.65418 -1.62695 5.5
      vertex -3.4641 -2 -0.5
      vertex -3.4641 -2 5.5
    endloop
  endfacet
  facet normal 0.258808 0.965929 -0
    outer loop
      vertex 1.23607 3.80423 -0.5
      vertex 0.831646 3.91259 5.5
      vertex 1.23607 3.80423 5.5
    endloop
  endfacet
  facet normal 0.258808 0.965929 0
    outer loop
      vertex 0.831646 3.91259 5.5
      vertex 1.23607 3.80423 -0.5
      vertex 0.831646 3.91259 -0.5
    endloop
  endfacet
  facet normal -0.0523302 -0.99863 0
    outer loop
      vertex -0.418114 -3.97809 -0.5
      vertex 0 -4 5.5
      vertex -0.418114 -3.97809 5.5
    endloop
  endfacet
  facet normal -0.0523302 -0.99863 -0
    outer loop
      vertex 0 -4 5.5
      vertex -0.418114 -3.97809 -0.5
      vertex 0 -4 -0.5
    endloop
  endfacet
  facet normal 0.358379 0.933576 -0
    outer loop
      vertex 1.62695 3.65418 -0.5
      vertex 1.23607 3.80423 5.5
      vertex 1.62695 3.65418 5.5
    endloop
  endfacet
  facet normal 0.358379 0.933576 0
    outer loop
      vertex 1.23607 3.80423 5.5
      vertex 1.62695 3.65418 -0.5
      vertex 1.23607 3.80423 -0.5
    endloop
  endfacet
  facet normal 0.0523302 0.99863 -0
    outer loop
      vertex 0.418114 3.97809 -0.5
      vertex 0 4 5.5
      vertex 0.418114 3.97809 5.5
    endloop
  endfacet
  facet normal 0.0523302 0.99863 0
    outer loop
      vertex 0 4 5.5
      vertex 0.418114 3.97809 -0.5
      vertex 0 4 -0.5
    endloop
  endfacet
  facet normal -0.453993 -0.891005 0
    outer loop
      vertex -2 -3.4641 -0.5
      vertex -1.62695 -3.65418 5.5
      vertex -2 -3.4641 5.5
    endloop
  endfacet
  facet normal -0.453993 -0.891005 -0
    outer loop
      vertex -1.62695 -3.65418 5.5
      vertex -2 -3.4641 -0.5
      vertex -1.62695 -3.65418 -0.5
    endloop
  endfacet
  facet normal 0.933576 0.358379 0
    outer loop
      vertex 3.80423 1.23607 5.5
      vertex 3.65418 1.62695 -0.5
      vertex 3.65418 1.62695 5.5
    endloop
  endfacet
  facet normal 0.933576 0.358379 0
    outer loop
      vertex 3.65418 1.62695 -0.5
      vertex 3.80423 1.23607 5.5
      vertex 3.80423 1.23607 -0.5
    endloop
  endfacet
  facet normal -0.777143 0.629324 0
    outer loop
      vertex -3.23607 2.35114 -0.5
      vertex -2.97258 2.67652 5.5
      vertex -2.97258 2.67652 -0.5
    endloop
  endfacet
  facet normal -0.777143 0.629324 0
    outer loop
      vertex -2.97258 2.67652 5.5
      vertex -3.23607 2.35114 -0.5
      vertex -3.23607 2.35114 5.5
    endloop
  endfacet
  facet normal -0.629324 0.777143 0
    outer loop
      vertex -2.35114 3.23607 -0.5
      vertex -2.67652 2.97258 5.5
      vertex -2.35114 3.23607 5.5
    endloop
  endfacet
  facet normal -0.629324 0.777143 0
    outer loop
      vertex -2.67652 2.97258 5.5
      vertex -2.35114 3.23607 -0.5
      vertex -2.67652 2.97258 -0.5
    endloop
  endfacet
  facet normal 0.891005 0.453993 0
    outer loop
      vertex 3.65418 1.62695 5.5
      vertex 3.4641 2 -0.5
      vertex 3.4641 2 5.5
    endloop
  endfacet
  facet normal 0.891005 0.453993 0
    outer loop
      vertex 3.4641 2 -0.5
      vertex 3.65418 1.62695 5.5
      vertex 3.65418 1.62695 -0.5
    endloop
  endfacet
  facet normal 0.965929 -0.258808 0
    outer loop
      vertex 3.80423 -1.23607 5.5
      vertex 3.91259 -0.831646 -0.5
      vertex 3.91259 -0.831646 5.5
    endloop
  endfacet
  facet normal 0.965929 -0.258808 0
    outer loop
      vertex 3.91259 -0.831646 -0.5
      vertex 3.80423 -1.23607 5.5
      vertex 3.80423 -1.23607 -0.5
    endloop
  endfacet
  facet normal -0.838674 -0.544634 0
    outer loop
      vertex -3.23607 -2.35114 -0.5
      vertex -3.4641 -2 5.5
      vertex -3.4641 -2 -0.5
    endloop
  endfacet
  facet normal -0.838674 -0.544634 0
    outer loop
      vertex -3.4641 -2 5.5
      vertex -3.23607 -2.35114 -0.5
      vertex -3.23607 -2.35114 5.5
    endloop
  endfacet
  facet normal 0.99863 -0.0523302 0
    outer loop
      vertex 3.97809 -0.418114 5.5
      vertex 4 0 -0.5
      vertex 4 0 5.5
    endloop
  endfacet
  facet normal 0.99863 -0.0523302 0
    outer loop
      vertex 4 0 -0.5
      vertex 3.97809 -0.418114 5.5
      vertex 3.97809 -0.418114 -0.5
    endloop
  endfacet
  facet normal -0.707107 0.707107 0
    outer loop
      vertex -2.97258 2.67652 -0.5
      vertex -2.67652 2.97258 5.5
      vertex -2.67652 2.97258 -0.5
    endloop
  endfacet
  facet normal -0.707107 0.707107 0
    outer loop
      vertex -2.67652 2.97258 5.5
      vertex -2.97258 2.67652 -0.5
      vertex -2.97258 2.67652 5.5
    endloop
  endfacet
  facet normal 0.838674 0.544634 0
    outer loop
      vertex 3.4641 2 5.5
      vertex 3.23607 2.35114 -0.5
      vertex 3.23607 2.35114 5.5
    endloop
  endfacet
  facet normal 0.838674 0.544634 0
    outer loop
      vertex 3.23607 2.35114 -0.5
      vertex 3.4641 2 5.5
      vertex 3.4641 2 -0.5
    endloop
  endfacet
  facet normal 0.987687 0.156441 0
    outer loop
      vertex 3.97809 0.418114 5.5
      vertex 3.91259 0.831646 -0.5
      vertex 3.91259 0.831646 5.5
    endloop
  endfacet
  facet normal 0.987687 0.156441 0
    outer loop
      vertex 3.91259 0.831646 -0.5
      vertex 3.97809 0.418114 5.5
      vertex 3.97809 0.418114 -0.5
    endloop
  endfacet
  facet normal -0.544634 0.838674 0
    outer loop
      vertex -2 3.4641 -0.5
      vertex -2.35114 3.23607 5.5
      vertex -2 3.4641 5.5
    endloop
  endfacet
  facet normal -0.544634 0.838674 0
    outer loop
      vertex -2.35114 3.23607 5.5
      vertex -2 3.4641 -0.5
      vertex -2.35114 3.23607 -0.5
    endloop
  endfacet
  facet normal 0.156441 -0.987687 0
    outer loop
      vertex 0.418114 -3.97809 -0.5
      vertex 0.831646 -3.91259 5.5
      vertex 0.418114 -3.97809 5.5
    endloop
  endfacet
  facet normal 0.156441 -0.987687 0
    outer loop
      vertex 0.831646 -3.91259 5.5
      vertex 0.418114 -3.97809 -0.5
      vertex 0.831646 -3.91259 -0.5
    endloop
  endfacet
  facet normal 0.777143 0.629324 0
    outer loop
      vertex 3.23607 2.35114 5.5
      vertex 2.97258 2.67652 -0.5
      vertex 2.97258 2.67652 5.5
    endloop
  endfacet
  facet normal 0.777143 0.629324 0
    outer loop
      vertex 2.97258 2.67652 -0.5
      vertex 3.23607 2.35114 5.5
      vertex 3.23607 2.35114 -0.5
    endloop
  endfacet
  facet normal -0.358379 0.933576 0
    outer loop
      vertex -1.23607 3.80423 -0.5
      vertex -1.62695 3.65418 5.5
      vertex -1.23607 3.80423 5.5
    endloop
  endfacet
  facet normal -0.358379 0.933576 0
    outer loop
      vertex -1.62695 3.65418 5.5
      vertex -1.23607 3.80423 -0.5
      vertex -1.62695 3.65418 -0.5
    endloop
  endfacet
  facet normal 0.629324 0.777143 -0
    outer loop
      vertex 2.67652 2.97258 -0.5
      vertex 2.35114 3.23607 5.5
      vertex 2.67652 2.97258 5.5
    endloop
  endfacet
  facet normal 0.629324 0.777143 0
    outer loop
      vertex 2.35114 3.23607 5.5
      vertex 2.67652 2.97258 -0.5
      vertex 2.35114 3.23607 -0.5
    endloop
  endfacet
  facet normal 0.891005 -0.453993 0
    outer loop
      vertex 3.4641 -2 5.5
      vertex 3.65418 -1.62695 -0.5
      vertex 3.65418 -1.62695 5.5
    endloop
  endfacet
  facet normal 0.891005 -0.453993 0
    outer loop
      vertex 3.65418 -1.62695 -0.5
      vertex 3.4641 -2 5.5
      vertex 3.4641 -2 -0.5
    endloop
  endfacet
  facet normal 0.629324 -0.777143 0
    outer loop
      vertex 2.35114 -3.23607 -0.5
      vertex 2.67652 -2.97258 5.5
      vertex 2.35114 -3.23607 5.5
    endloop
  endfacet
  facet normal 0.629324 -0.777143 0
    outer loop
      vertex 2.67652 -2.97258 5.5
      vertex 2.35114 -3.23607 -0.5
      vertex 2.67652 -2.97258 -0.5
    endloop
  endfacet
  facet normal -0.629324 -0.777143 0
    outer loop
      vertex -2.67652 -2.97258 -0.5
      vertex -2.35114 -3.23607 5.5
      vertex -2.67652 -2.97258 5.5
    endloop
  endfacet
  facet normal -0.629324 -0.777143 -0
    outer loop
      vertex -2.35114 -3.23607 5.5
      vertex -2.67652 -2.97258 -0.5
      vertex -2.35114 -3.23607 -0.5
    endloop
  endfacet
  facet normal 0.838674 -0.544634 0
    outer loop
      vertex 3.23607 -2.35114 5.5
      vertex 3.4641 -2 -0.5
      vertex 3.4641 -2 5.5
    endloop
  endfacet
  facet normal 0.838674 -0.544634 0
    outer loop
      vertex 3.4641 -2 -0.5
      vertex 3.23607 -2.35114 5.5
      vertex 3.23607 -2.35114 -0.5
    endloop
  endfacet
  facet normal 0.987687 -0.156441 0
    outer loop
      vertex 3.91259 -0.831646 5.5
      vertex 3.97809 -0.418114 -0.5
      vertex 3.97809 -0.418114 5.5
    endloop
  endfacet
  facet normal 0.987687 -0.156441 0
    outer loop
      vertex 3.97809 -0.418114 -0.5
      vertex 3.91259 -0.831646 5.5
      vertex 3.91259 -0.831646 -0.5
    endloop
  endfacet
  facet normal 0.777143 -0.629324 0
    outer loop
      vertex 2.97258 -2.67652 5.5
      vertex 3.23607 -2.35114 -0.5
      vertex 3.23607 -2.35114 5.5
    endloop
  endfacet
  facet normal 0.777143 -0.629324 0
    outer loop
      vertex 3.23607 -2.35114 -0.5
      vertex 2.97258 -2.67652 5.5
      vertex 2.97258 -2.67652 -0.5
    endloop
  endfacet
  facet normal -0.544634 -0.838674 0
    outer loop
      vertex -2.35114 -3.23607 -0.5
      vertex -2 -3.4641 5.5
      vertex -2.35114 -3.23607 5.5
    endloop
  endfacet
  facet normal -0.544634 -0.838674 -0
    outer loop
      vertex -2 -3.4641 5.5
      vertex -2.35114 -3.23607 -0.5
      vertex -2 -3.4641 -0.5
    endloop
  endfacet
  facet normal -0.933576 -0.358379 0
    outer loop
      vertex -3.65418 -1.62695 -0.5
      vertex -3.80423 -1.23607 5.5
      vertex -3.80423 -1.23607 -0.5
    endloop
  endfacet
  facet normal -0.933576 -0.358379 0
    outer loop
      vertex -3.80423 -1.23607 5.5
      vertex -3.65418 -1.62695 -0.5
      vertex -3.65418 -1.62695 5.5
    endloop
  endfacet
  facet normal -0 0 1
    outer loop
      vertex -2.55 -0.9 5.5
      vertex -0.9 -2.55 5.5
      vertex -0.9 -0.9 5.5
    endloop
  endfacet
  facet normal 0 0 1
    outer loop
      vertex -0.9 -2.55 5.5
      vertex -1.62695 -3.65418 5.5
      vertex -1.23607 -3.80423 5.5
    endloop
  endfacet
  facet normal 0 0 1
    outer loop
      vertex -0.9 -2.55 5.5
      vertex -2 -3.4641 5.5
      vertex -1.62695 -3.65418 5.5
    endloop
  endfacet
  facet normal 0 0 1
    outer loop
      vertex -0.9 -2.55 5.5
      vertex -2.35114 -3.23607 5.5
      vertex -2 -3.4641 5.5
    endloop
  endfacet
  facet normal 0 0 1
    outer loop
      vertex -0.9 -2.55 5.5
      vertex -2.55 -0.9 5.5
      vertex -2.67652 -2.97258 5.5
    endloop
  endfacet
  facet normal 0 0 1
    outer loop
      vertex -0.9 -2.55 5.5
      vertex -2.67652 -2.97258 5.5
      vertex -2.35114 -3.23607 5.5
    endloop
  endfacet
  facet normal -0 0 1
    outer loop
      vertex -3.23607 2.35114 5.5
      vertex -2.55 0.9 5.5
      vertex -2.97258 2.67652 5.5
    endloop
  endfacet
  facet normal -0 0 1
    outer loop
      vertex -3.4641 2 5.5
      vertex -2.55 0.9 5.5
      vertex -3.23607 2.35114 5.5
    endloop
  endfacet
  facet normal 0 0 1
    outer loop
      vertex -2.55 -0.9 5.5
      vertex -2.97258 -2.67652 5.5
      vertex -2.67652 -2.97258 5.5
    endloop
  endfacet
  facet normal -0 0 1
    outer loop
      vertex -3.65418 1.62695 5.5
      vertex -2.55 0.9 5.5
      vertex -3.4641 2 5.5
    endloop
  endfacet
  facet normal 0 0 1
    outer loop
      vertex -2.55 -0.9 5.5
      vertex -3.23607 -2.35114 5.5
      vertex -2.97258 -2.67652 5.5
    endloop
  endfacet
  facet normal -0 0 1
    outer loop
      vertex -3.80423 1.23607 5.5
      vertex -2.55 0.9 5.5
      vertex -3.65418 1.62695 5.5
    endloop
  endfacet
  facet normal 0 0 1
    outer loop
      vertex -2.55 -0.9 5.5
      vertex -3.4641 -2 5.5
      vertex -3.23607 -2.35114 5.5
    endloop
  endfacet
  facet normal 0 0 1
    outer loop
      vertex -3.91259 0.831646 5.5
      vertex -2.55 0.9 5.5
      vertex -3.80423 1.23607 5.5
    endloop
  endfacet
  facet normal 0 0 1
    outer loop
      vertex -2.55 -0.9 5.5
      vertex -3.65418 -1.62695 5.5
      vertex -3.4641 -2 5.5
    endloop
  endfacet
  facet normal 0 0 1
    outer loop
      vertex -3.97809 0.418114 5.5
      vertex -2.55 0.9 5.5
      vertex -3.91259 0.831646 5.5
    endloop
  endfacet
  facet normal 0 0 1
    outer loop
      vertex -2.55 -0.9 5.5
      vertex -3.80423 -1.23607 5.5
      vertex -3.65418 -1.62695 5.5
    endloop
  endfacet
  facet normal 0 0 1
    outer loop
      vertex -4 0 5.5
      vertex -2.55 0.9 5.5
      vertex -3.97809 0.418114 5.5
    endloop
  endfacet
  facet normal 0 0 1
    outer loop
      vertex -2.55 -0.9 5.5
      vertex -3.91259 -0.831646 5.5
      vertex -3.80423 -1.23607 5.5
    endloop
  endfacet
  facet normal 0 0 1
    outer loop
      vertex -2.55 0.9 5.5
      vertex -4 0 5.5
      vertex -2.55 -0.9 5.5
    endloop
  endfacet
  facet normal 0 0 1
    outer loop
      vertex -2.55 -0.9 5.5
      vertex -3.97809 -0.418114 5.5
      vertex -3.91259 -0.831646 5.5
    endloop
  endfacet
  facet normal 0 0 1
    outer loop
      vertex -2.55 -0.9 5.5
      vertex -4 0 5.5
      vertex -3.97809 -0.418114 5.5
    endloop
  endfacet
  facet normal 0 0 1
    outer loop
      vertex 0.831646 3.91259 5.5
      vertex 0.9 2.55 5.5
      vertex 1.23607 3.80423 5.5
    endloop
  endfacet
  facet normal 0 0 1
    outer loop
      vertex 0.418114 3.97809 5.5
      vertex 0.9 2.55 5.5
      vertex 0.831646 3.91259 5.5
    endloop
  endfacet
  facet normal 0 0 1
    outer loop
      vertex 0 4 5.5
      vertex 0.9 2.55 5.5
      vertex 0.418114 3.97809 5.5
    endloop
  endfacet
  facet normal 0 0 1
    outer loop
      vertex -0.9 2.55 5.5
      vertex 0 4 5.5
      vertex -0.418114 3.97809 5.5
    endloop
  endfacet
  facet normal 0 0 1
    outer loop
      vertex -0.9 2.55 5.5
      vertex -0.418114 3.97809 5.5
      vertex -0.831646 3.91259 5.5
    endloop
  endfacet
  facet normal 0 0 1
    outer loop
      vertex 0 4 5.5
      vertex -0.9 2.55 5.5
      vertex 0.9 2.55 5.5
    endloop
  endfacet
  facet normal -0 0 1
    outer loop
      vertex -1.23607 3.80423 5.5
      vertex -0.9 2.55 5.5
      vertex -0.831646 3.91259 5.5
    endloop
  endfacet
  facet normal -0 0 1
    outer loop
      vertex -1.62695 3.65418 5.5
      vertex -0.9 2.55 5.5
      vertex -1.23607 3.80423 5.5
    endloop
  endfacet
  facet normal -0 0 1
    outer loop
      vertex -2 3.4641 5.5
      vertex -0.9 2.55 5.5
      vertex -1.62695 3.65418 5.5
    endloop
  endfacet
  facet normal -0 0 1
    outer loop
      vertex -2.35114 3.23607 5.5
      vertex -0.9 2.55 5.5
      vertex -2 3.4641 5.5
    endloop
  endfacet
  facet normal -0 0 1
    outer loop
      vertex -2.67652 2.97258 5.5
      vertex -0.9 2.55 5.5
      vertex -2.35114 3.23607 5.5
    endloop
  endfacet
  facet normal 0 -0 1
    outer loop
      vertex -2.55 0.9 5.5
      vertex -0.9 2.55 5.5
      vertex -2.67652 2.97258 5.5
    endloop
  endfacet
  facet normal -0 0 1
    outer loop
      vertex -2.97258 2.67652 5.5
      vertex -2.55 0.9 5.5
      vertex -2.67652 2.97258 5.5
    endloop
  endfacet
  facet normal 0 0 1
    outer loop
      vertex -0.9 2.55 5.5
      vertex -2.55 0.9 5.5
      vertex -0.9 0.9 5.5
    endloop
  endfacet
  facet normal 0 0 1
    outer loop
      vertex 2.55 0.9 5.5
      vertex 4 0 5.5
      vertex 3.97809 0.418114 5.5
    endloop
  endfacet
  facet normal 0 0 1
    outer loop
      vertex 2.55 0.9 5.5
      vertex 3.97809 0.418114 5.5
      vertex 3.91259 0.831646 5.5
    endloop
  endfacet
  facet normal 0 0 1
    outer loop
      vertex 2.55 -0.9 5.5
      vertex 4 0 5.5
      vertex 2.55 0.9 5.5
    endloop
  endfacet
  facet normal -0 0 1
    outer loop
      vertex 2.55 0.9 5.5
      vertex 3.91259 0.831646 5.5
      vertex 3.80423 1.23607 5.5
    endloop
  endfacet
  facet normal 0 0 1
    outer loop
      vertex 4 0 5.5
      vertex 2.55 -0.9 5.5
      vertex 3.97809 -0.418114 5.5
    endloop
  endfacet
  facet normal 0 0 1
    outer loop
      vertex 2.55 0.9 5.5
      vertex 3.80423 1.23607 5.5
      vertex 3.65418 1.62695 5.5
    endloop
  endfacet
  facet normal 0 0 1
    outer loop
      vertex 3.97809 -0.418114 5.5
      vertex 2.55 -0.9 5.5
      vertex 3.91259 -0.831646 5.5
    endloop
  endfacet
  facet normal 0 0 1
    outer loop
      vertex 2.55 0.9 5.5
      vertex 3.65418 1.62695 5.5
      vertex 3.4641 2 5.5
    endloop
  endfacet
  facet normal 0 0 1
    outer loop
      vertex 3.91259 -0.831646 5.5
      vertex 2.55 -0.9 5.5
      vertex 3.80423 -1.23607 5.5
    endloop
  endfacet
  facet normal 0 0 1
    outer loop
      vertex 2.55 0.9 5.5
      vertex 3.4641 2 5.5
      vertex 3.23607 2.35114 5.5
    endloop
  endfacet
  facet normal 0 0 1
    outer loop
      vertex 3.80423 -1.23607 5.5
      vertex 2.55 -0.9 5.5
      vertex 3.65418 -1.62695 5.5
    endloop
  endfacet
  facet normal 0 0 1
    outer loop
      vertex 2.55 0.9 5.5
      vertex 3.23607 2.35114 5.5
      vertex 2.97258 2.67652 5.5
    endloop
  endfacet
  facet normal 0 0 1
    outer loop
      vertex 3.65418 -1.62695 5.5
      vertex 2.55 -0.9 5.5
      vertex 3.4641 -2 5.5
    endloop
  endfacet
  facet normal 0 0 1
    outer loop
      vertex 2.55 0.9 5.5
      vertex 2.97258 2.67652 5.5
      vertex 2.67652 2.97258 5.5
    endloop
  endfacet
  facet normal 0 0 1
    outer loop
      vertex 3.4641 -2 5.5
      vertex 2.55 -0.9 5.5
      vertex 3.23607 -2.35114 5.5
    endloop
  endfacet
  facet normal 0 0 1
    outer loop
      vertex 3.23607 -2.35114 5.5
      vertex 2.55 -0.9 5.5
      vertex 2.97258 -2.67652 5.5
    endloop
  endfacet
  facet normal 0 0 1
    outer loop
      vertex 0.9 2.55 5.5
      vertex 2.67652 2.97258 5.5
      vertex 2.35114 3.23607 5.5
    endloop
  endfacet
  facet normal 0 0 1
    outer loop
      vertex 0.9 2.55 5.5
      vertex 2.35114 3.23607 5.5
      vertex 2 3.4641 5.5
    endloop
  endfacet
  facet normal 0 0 1
    outer loop
      vertex 0.9 2.55 5.5
      vertex 2 3.4641 5.5
      vertex 1.62695 3.65418 5.5
    endloop
  endfacet
  facet normal 0 0 1
    outer loop
      vertex 0.9 2.55 5.5
      vertex 1.62695 3.65418 5.5
      vertex 1.23607 3.80423 5.5
    endloop
  endfacet
  facet normal 0 0 1
    outer loop
      vertex 2.67652 2.97258 5.5
      vertex 0.9 2.55 5.5
      vertex 2.55 0.9 5.5
    endloop
  endfacet
  facet normal 0 0 1
    outer loop
      vertex 2.55 0.9 5.5
      vertex 0.9 2.55 5.5
      vertex 0.9 0.9 5.5
    endloop
  endfacet
  facet normal 0 0 1
    outer loop
      vertex 2.97258 -2.67652 5.5
      vertex 2.55 -0.9 5.5
      vertex 2.67652 -2.97258 5.5
    endloop
  endfacet
  facet normal -0 0 1
    outer loop
      vertex 0.9 -2.55 5.5
      vertex 2.67652 -2.97258 5.5
      vertex 2.55 -0.9 5.5
    endloop
  endfacet
  facet normal 0 0 1
    outer loop
      vertex 2.67652 -2.97258 5.5
      vertex 0.9 -2.55 5.5
      vertex 2.35114 -3.23607 5.5
    endloop
  endfacet
  facet normal 0 0 1
    outer loop
      vertex 2.35114 -3.23607 5.5
      vertex 0.9 -2.55 5.5
      vertex 2 -3.4641 5.5
    endloop
  endfacet
  facet normal 0 0 1
    outer loop
      vertex 2 -3.4641 5.5
      vertex 0.9 -2.55 5.5
      vertex 1.62695 -3.65418 5.5
    endloop
  endfacet
  facet normal 0 0 1
    outer loop
      vertex 0.9 -2.55 5.5
      vertex 2.55 -0.9 5.5
      vertex 0.9 -0.9 5.5
    endloop
  endfacet
  facet normal 0 0 1
    outer loop
      vertex 1.62695 -3.65418 5.5
      vertex 0.9 -2.55 5.5
      vertex 1.23607 -3.80423 5.5
    endloop
  endfacet
  facet normal 0 0 1
    outer loop
      vertex 0.9 -2.55 5.5
      vertex 0.831646 -3.91259 5.5
      vertex 1.23607 -3.80423 5.5
    endloop
  endfacet
  facet normal 0 0 1
    outer loop
      vertex 0.9 -2.55 5.5
      vertex 0.418114 -3.97809 5.5
      vertex 0.831646 -3.91259 5.5
    endloop
  endfacet
  facet normal 0 0 1
    outer loop
      vertex 0.9 -2.55 5.5
      vertex 0 -4 5.5
      vertex 0.418114 -3.97809 5.5
    endloop
  endfacet
  facet normal -0 0 1
    outer loop
      vertex -0.9 -2.55 5.5
      vertex 0 -4 5.5
      vertex 0.9 -2.55 5.5
    endloop
  endfacet
  facet normal 0 0 1
    outer loop
      vertex 0 -4 5.5
      vertex -0.9 -2.55 5.5
      vertex -0.418114 -3.97809 5.5
    endloop
  endfacet
  facet normal 0 0 1
    outer loop
      vertex -0.418114 -3.97809 5.5
      vertex -0.9 -2.55 5.5
      vertex -0.831646 -3.91259 5.5
    endloop
  endfacet
  facet normal 0 0 1
    outer loop
      vertex -0.831646 -3.91259 5.5
      vertex -0.9 -2.55 5.5
      vertex -1.23607 -3.80423 5.5
    endloop
  endfacet
  facet normal 0.0523302 -0.99863 0
    outer loop
      vertex 0 -4 -0.5
      vertex 0.418114 -3.97809 5.5
      vertex 0 -4 5.5
    endloop
  endfacet
  facet normal 0.0523302 -0.99863 0
    outer loop
      vertex 0.418114 -3.97809 5.5
      vertex 0 -4 -0.5
      vertex 0.418114 -3.97809 -0.5
    endloop
  endfacet
  facet normal 0.99863 0.0523302 0
    outer loop
      vertex 4 0 5.5
      vertex 3.97809 0.418114 -0.5
      vertex 3.97809 0.418114 5.5
    endloop
  endfacet
  facet normal 0.99863 0.0523302 0
    outer loop
      vertex 3.97809 0.418114 -0.5
      vertex 4 0 5.5
      vertex 4 0 -0.5
    endloop
  endfacet
  facet normal 0.358379 -0.933576 0
    outer loop
      vertex 1.23607 -3.80423 -0.5
      vertex 1.62695 -3.65418 5.5
      vertex 1.23607 -3.80423 5.5
    endloop
  endfacet
  facet normal 0.358379 -0.933576 0
    outer loop
      vertex 1.62695 -3.65418 5.5
      vertex 1.23607 -3.80423 -0.5
      vertex 1.62695 -3.65418 -0.5
    endloop
  endfacet
  facet normal -0.707107 -0.707107 0
    outer loop
      vertex -2.67652 -2.97258 -0.5
      vertex -2.97258 -2.67652 5.5
      vertex -2.97258 -2.67652 -0.5
    endloop
  endfacet
  facet normal -0.707107 -0.707107 0
    outer loop
      vertex -2.97258 -2.67652 5.5
      vertex -2.67652 -2.97258 -0.5
      vertex -2.67652 -2.97258 5.5
    endloop
  endfacet
  facet normal 0.987685 0.156459 0
    outer loop
      vertex -2.54318 -0.54057 -0.25
      vertex -2.58576 -0.271773 -5.5
      vertex -2.58576 -0.271773 -0.25
    endloop
  endfacet
  facet normal 0.987685 0.156459 0
    outer loop
      vertex -2.58576 -0.271773 -5.5
      vertex -2.54318 -0.54057 -0.25
      vertex -2.54318 -0.54057 -5.5
    endloop
  endfacet
  facet normal 0.965932 -0.258795 0
    outer loop
      vertex -2.54318 0.54057 -0.25
      vertex -2.47275 0.803444 -5.5
      vertex -2.47275 0.803444 -0.25
    endloop
  endfacet
  facet normal 0.965932 -0.258795 0
    outer loop
      vertex -2.47275 0.803444 -5.5
      vertex -2.54318 0.54057 -0.25
      vertex -2.54318 0.54057 -5.5
    endloop
  endfacet
  facet normal -0.987685 0.156459 0
    outer loop
      vertex 2.54318 -0.54057 -5.5
      vertex 2.58576 -0.271773 -0.25
      vertex 2.58576 -0.271773 -5.5
    endloop
  endfacet
  facet normal -0.987685 0.156459 0
    outer loop
      vertex 2.58576 -0.271773 -0.25
      vertex 2.54318 -0.54057 -5.5
      vertex 2.54318 -0.54057 -0.25
    endloop
  endfacet
  facet normal 0.99863 -0.0523249 0
    outer loop
      vertex -2.6 0 -0.25
      vertex -2.58576 0.271773 -5.5
      vertex -2.58576 0.271773 -0.25
    endloop
  endfacet
  facet normal 0.99863 -0.0523249 0
    outer loop
      vertex -2.58576 0.271773 -5.5
      vertex -2.6 0 -0.25
      vertex -2.6 0 -5.5
    endloop
  endfacet
  facet normal -0.891006 -0.453991 0
    outer loop
      vertex 2.37522 1.05752 -5.5
      vertex 2.25167 1.3 -0.25
      vertex 2.25167 1.3 -5.5
    endloop
  endfacet
  facet normal -0.891006 -0.453991 0
    outer loop
      vertex 2.25167 1.3 -0.25
      vertex 2.37522 1.05752 -5.5
      vertex 2.37522 1.05752 -0.25
    endloop
  endfacet
  facet normal 0.933581 -0.358366 0
    outer loop
      vertex -2.47275 0.803444 -0.25
      vertex -2.37522 1.05752 -5.5
      vertex -2.37522 1.05752 -0.25
    endloop
  endfacet
  facet normal 0.933581 -0.358366 0
    outer loop
      vertex -2.37522 1.05752 -5.5
      vertex -2.47275 0.803444 -0.25
      vertex -2.47275 0.803444 -5.5
    endloop
  endfacet
  facet normal 0 0 -1
    outer loop
      vertex 2.58576 -0.271773 -0.25
      vertex 2.58576 0.271773 -0.25
      vertex 2.6 0 -0.25
    endloop
  endfacet
  facet normal 0 0 -1
    outer loop
      vertex 2.54318 -0.54057 -0.25
      vertex 2.58576 0.271773 -0.25
      vertex 2.58576 -0.271773 -0.25
    endloop
  endfacet
  facet normal 0 0 -1
    outer loop
      vertex 2.54318 -0.54057 -0.25
      vertex 2.54318 0.54057 -0.25
      vertex 2.58576 0.271773 -0.25
    endloop
  endfacet
  facet normal 0 0 -1
    outer loop
      vertex 2.47275 -0.803444 -0.25
      vertex 2.54318 0.54057 -0.25
      vertex 2.54318 -0.54057 -0.25
    endloop
  endfacet
  facet normal 0 0 -1
    outer loop
      vertex 2.47275 -0.803444 -0.25
      vertex 2.47275 0.803444 -0.25
      vertex 2.54318 0.54057 -0.25
    endloop
  endfacet
  facet normal 0 0 -1
    outer loop
      vertex 2.37522 -1.05752 -0.25
      vertex 2.47275 0.803444 -0.25
      vertex 2.47275 -0.803444 -0.25
    endloop
  endfacet
  facet normal 0 0 -1
    outer loop
      vertex 2.37522 -1.05752 -0.25
      vertex 2.37522 1.05752 -0.25
      vertex 2.47275 0.803444 -0.25
    endloop
  endfacet
  facet normal 0 0 -1
    outer loop
      vertex 2.25167 -1.3 -0.25
      vertex 2.37522 1.05752 -0.25
      vertex 2.37522 -1.05752 -0.25
    endloop
  endfacet
  facet normal 0 0 -1
    outer loop
      vertex 2.25167 -1.3 -0.25
      vertex 2.25167 1.3 -0.25
      vertex 2.37522 1.05752 -0.25
    endloop
  endfacet
  facet normal 0 0 -1
    outer loop
      vertex 2.12178 -1.5 -0.25
      vertex 2.25167 1.3 -0.25
      vertex 2.25167 -1.3 -0.25
    endloop
  endfacet
  facet normal 0 0 -1
    outer loop
      vertex 2.12178 -1.5 -0.25
      vertex 2.12178 1.5 -0.25
      vertex 2.25167 1.3 -0.25
    endloop
  endfacet
  facet normal 0 0 -1
    outer loop
      vertex -2.12178 -1.5 -0.25
      vertex 2.12178 1.5 -0.25
      vertex 2.12178 -1.5 -0.25
    endloop
  endfacet
  facet normal 0 0 -1
    outer loop
      vertex -2.12178 -1.5 -0.25
      vertex -2.12178 1.5 -0.25
      vertex 2.12178 1.5 -0.25
    endloop
  endfacet
  facet normal 0 0 -1
    outer loop
      vertex -2.25167 -1.3 -0.25
      vertex -2.12178 1.5 -0.25
      vertex -2.12178 -1.5 -0.25
    endloop
  endfacet
  facet normal 0 0 -1
    outer loop
      vertex -2.25167 -1.3 -0.25
      vertex -2.25167 1.3 -0.25
      vertex -2.12178 1.5 -0.25
    endloop
  endfacet
  facet normal 0 0 -1
    outer loop
      vertex -2.37522 -1.05752 -0.25
      vertex -2.25167 1.3 -0.25
      vertex -2.25167 -1.3 -0.25
    endloop
  endfacet
  facet normal 0 0 -1
    outer loop
      vertex -2.37522 -1.05752 -0.25
      vertex -2.37522 1.05752 -0.25
      vertex -2.25167 1.3 -0.25
    endloop
  endfacet
  facet normal 0 0 -1
    outer loop
      vertex -2.47275 -0.803444 -0.25
      vertex -2.37522 1.05752 -0.25
      vertex -2.37522 -1.05752 -0.25
    endloop
  endfacet
  facet normal 0 0 -1
    outer loop
      vertex -2.47275 -0.803444 -0.25
      vertex -2.47275 0.803444 -0.25
      vertex -2.37522 1.05752 -0.25
    endloop
  endfacet
  facet normal 0 0 -1
    outer loop
      vertex -2.54318 -0.54057 -0.25
      vertex -2.47275 0.803444 -0.25
      vertex -2.47275 -0.803444 -0.25
    endloop
  endfacet
  facet normal 0 0 -1
    outer loop
      vertex -2.54318 -0.54057 -0.25
      vertex -2.54318 0.54057 -0.25
      vertex -2.47275 0.803444 -0.25
    endloop
  endfacet
  facet normal 0 0 -1
    outer loop
      vertex -2.58576 -0.271773 -0.25
      vertex -2.54318 0.54057 -0.25
      vertex -2.54318 -0.54057 -0.25
    endloop
  endfacet
  facet normal 0 0 -1
    outer loop
      vertex -2.58576 -0.271773 -0.25
      vertex -2.58576 0.271773 -0.25
      vertex -2.54318 0.54057 -0.25
    endloop
  endfacet
  facet normal 0 -0 -1
    outer loop
      vertex -2.58576 0.271773 -0.25
      vertex -2.58576 -0.271773 -0.25
      vertex -2.6 0 -0.25
    endloop
  endfacet
  facet normal 0.99863 0.0523249 0
    outer loop
      vertex -2.58576 -0.271773 -0.25
      vertex -2.6 0 -5.5
      vertex -2.6 0 -0.25
    endloop
  endfacet
  facet normal 0.99863 0.0523249 0
    outer loop
      vertex -2.6 0 -5.5
      vertex -2.58576 -0.271773 -0.25
      vertex -2.58576 -0.271773 -5.5
    endloop
  endfacet
  facet normal -0.965932 0.258795 0
    outer loop
      vertex 2.47275 -0.803444 -5.5
      vertex 2.54318 -0.54057 -0.25
      vertex 2.54318 -0.54057 -5.5
    endloop
  endfacet
  facet normal -0.965932 0.258795 0
    outer loop
      vertex 2.54318 -0.54057 -0.25
      vertex 2.47275 -0.803444 -5.5
      vertex 2.47275 -0.803444 -0.25
    endloop
  endfacet
  facet normal 0.838654 -0.544664 0
    outer loop
      vertex -2.25167 1.3 -0.25
      vertex -2.12178 1.5 -5.5
      vertex -2.12178 1.5 -0.25
    endloop
  endfacet
  facet normal 0.838654 -0.544664 0
    outer loop
      vertex -2.12178 1.5 -5.5
      vertex -2.25167 1.3 -0.25
      vertex -2.25167 1.3 -5.5
    endloop
  endfacet
  facet normal 0.891006 -0.453991 0
    outer loop
      vertex -2.37522 1.05752 -0.25
      vertex -2.25167 1.3 -5.5
      vertex -2.25167 1.3 -0.25
    endloop
  endfacet
  facet normal 0.891006 -0.453991 0
    outer loop
      vertex -2.25167 1.3 -5.5
      vertex -2.37522 1.05752 -0.25
      vertex -2.37522 1.05752 -5.5
    endloop
  endfacet
  facet normal 0.965932 0.258795 0
    outer loop
      vertex -2.47275 -0.803444 -0.25
      vertex -2.54318 -0.54057 -5.5
      vertex -2.54318 -0.54057 -0.25
    endloop
  endfacet
  facet normal 0.965932 0.258795 0
    outer loop
      vertex -2.54318 -0.54057 -5.5
      vertex -2.47275 -0.803444 -0.25
      vertex -2.47275 -0.803444 -5.5
    endloop
  endfacet
  facet normal -0.838654 0.544664 0
    outer loop
      vertex 2.12178 -1.5 -5.5
      vertex 2.25167 -1.3 -0.25
      vertex 2.25167 -1.3 -5.5
    endloop
  endfacet
  facet normal -0.838654 0.544664 0
    outer loop
      vertex 2.25167 -1.3 -0.25
      vertex 2.12178 -1.5 -5.5
      vertex 2.12178 -1.5 -0.25
    endloop
  endfacet
  facet normal 0.987685 -0.156459 0
    outer loop
      vertex -2.58576 0.271773 -0.25
      vertex -2.54318 0.54057 -5.5
      vertex -2.54318 0.54057 -0.25
    endloop
  endfacet
  facet normal 0.987685 -0.156459 0
    outer loop
      vertex -2.54318 0.54057 -5.5
      vertex -2.58576 0.271773 -0.25
      vertex -2.58576 0.271773 -5.5
    endloop
  endfacet
  facet normal 0.891006 0.453991 0
    outer loop
      vertex -2.25167 -1.3 -0.25
      vertex -2.37522 -1.05752 -5.5
      vertex -2.37522 -1.05752 -0.25
    endloop
  endfacet
  facet normal 0.891006 0.453991 0
    outer loop
      vertex -2.37522 -1.05752 -5.5
      vertex -2.25167 -1.3 -0.25
      vertex -2.25167 -1.3 -5.5
    endloop
  endfacet
  facet normal 0.838654 0.544664 0
    outer loop
      vertex -2.12178 -1.5 -0.25
      vertex -2.25167 -1.3 -5.5
      vertex -2.25167 -1.3 -0.25
    endloop
  endfacet
  facet normal 0.838654 0.544664 0
    outer loop
      vertex -2.25167 -1.3 -5.5
      vertex -2.12178 -1.5 -0.25
      vertex -2.12178 -1.5 -5.5
    endloop
  endfacet
  facet normal -0.987685 -0.156459 0
    outer loop
      vertex 2.58576 0.271773 -5.5
      vertex 2.54318 0.54057 -0.25
      vertex 2.54318 0.54057 -5.5
    endloop
  endfacet
  facet normal -0.987685 -0.156459 0
    outer loop
      vertex 2.54318 0.54057 -0.25
      vertex 2.58576 0.271773 -5.5
      vertex 2.58576 0.271773 -0.25
    endloop
  endfacet
  facet normal -0.838654 -0.544664 0
    outer loop
      vertex 2.25167 1.3 -5.5
      vertex 2.12178 1.5 -0.25
      vertex 2.12178 1.5 -5.5
    endloop
  endfacet
  facet normal -0.838654 -0.544664 0
    outer loop
      vertex 2.12178 1.5 -0.25
      vertex 2.25167 1.3 -5.5
      vertex 2.25167 1.3 -0.25
    endloop
  endfacet
  facet normal -0.933581 0.358366 0
    outer loop
      vertex 2.37522 -1.05752 -5.5
      vertex 2.47275 -0.803444 -0.25
      vertex 2.47275 -0.803444 -5.5
    endloop
  endfacet
  facet normal -0.933581 0.358366 0
    outer loop
      vertex 2.47275 -0.803444 -0.25
      vertex 2.37522 -1.05752 -5.5
      vertex 2.37522 -1.05752 -0.25
    endloop
  endfacet
  facet normal -0.933581 -0.358366 0
    outer loop
      vertex 2.47275 0.803444 -5.5
      vertex 2.37522 1.05752 -0.25
      vertex 2.37522 1.05752 -5.5
    endloop
  endfacet
  facet normal -0.933581 -0.358366 0
    outer loop
      vertex 2.37522 1.05752 -0.25
      vertex 2.47275 0.803444 -5.5
      vertex 2.47275 0.803444 -0.25
    endloop
  endfacet
  facet normal -0.891006 0.453991 0
    outer loop
      vertex 2.25167 -1.3 -5.5
      vertex 2.37522 -1.05752 -0.25
      vertex 2.37522 -1.05752 -5.5
    endloop
  endfacet
  facet normal -0.891006 0.453991 0
    outer loop
      vertex 2.37522 -1.05752 -0.25
      vertex 2.25167 -1.3 -5.5
      vertex 2.25167 -1.3 -0.25
    endloop
  endfacet
  facet normal -0.99863 0.0523249 0
    outer loop
      vertex 2.58576 -0.271773 -5.5
      vertex 2.6 0 -0.25
      vertex 2.6 0 -5.5
    endloop
  endfacet
  facet normal -0.99863 0.0523249 0
    outer loop
      vertex 2.6 0 -0.25
      vertex 2.58576 -0.271773 -5.5
      vertex 2.58576 -0.271773 -0.25
    endloop
  endfacet
  facet normal -0.965932 -0.258795 0
    outer loop
      vertex 2.54318 0.54057 -5.5
      vertex 2.47275 0.803444 -0.25
      vertex 2.47275 0.803444 -5.5
    endloop
  endfacet
  facet normal -0.965932 -0.258795 0
    outer loop
      vertex 2.47275 0.803444 -0.25
      vertex 2.54318 0.54057 -5.5
      vertex 2.54318 0.54057 -0.25
    endloop
  endfacet
  facet normal 0.933581 0.358366 0
    outer loop
      vertex -2.37522 -1.05752 -0.25
      vertex -2.47275 -0.803444 -5.5
      vertex -2.47275 -0.803444 -0.25
    endloop
  endfacet
  facet normal 0.933581 0.358366 0
    outer loop
      vertex -2.47275 -0.803444 -5.5
      vertex -2.37522 -1.05752 -0.25
      vertex -2.37522 -1.05752 -5.5
    endloop
  endfacet
  facet normal -0.99863 -0.0523249 0
    outer loop
      vertex 2.6 0 -5.5
      vertex 2.58576 0.271773 -0.25
      vertex 2.58576 0.271773 -5.5
    endloop
  endfacet
  facet normal -0.99863 -0.0523249 0
    outer loop
      vertex 2.58576 0.271773 -0.25
      vertex 2.6 0 -5.5
      vertex 2.6 0 -0.25
    endloop
  endfacet
  facet normal 0 -1 0
    outer loop
      vertex -2.12178 1.5 -5.5
      vertex 2.12178 1.5 -0.25
      vertex -2.12178 1.5 -0.25
    endloop
  endfacet
  facet normal 0 -1 -0
    outer loop
      vertex 2.12178 1.5 -0.25
      vertex -2.12178 1.5 -5.5
      vertex 2.12178 1.5 -5.5
    endloop
  endfacet
  facet normal 0 1 -0
    outer loop
      vertex 2.12178 -1.5 -5.5
      vertex -2.12178 -1.5 -0.25
      vertex 2.12178 -1.5 -0.25
    endloop
  endfacet
  facet normal 0 1 0
    outer loop
      vertex -2.12178 -1.5 -0.25
      vertex 2.12178 -1.5 -5.5
      vertex -2.12178 -1.5 -5.5
    endloop
  endfacet
  facet normal 1 -0 0
    outer loop
      vertex -2.55 -0.9 5.5
      vertex -2.55 0.9 0.25
      vertex -2.55 0.9 5.5
    endloop
  endfacet
  facet normal 1 0 0
    outer loop
      vertex -2.55 0.9 0.25
      vertex -2.55 -0.9 5.5
      vertex -2.55 -0.9 0.25
    endloop
  endfacet
  facet normal -0 0 1
    outer loop
      vertex -2.55 0.9 0.25
      vertex -0.9 -0.9 0.25
      vertex -0.9 0.9 0.25
    endloop
  endfacet
  facet normal 0 0 1
    outer loop
      vertex -0.9 -0.9 0.25
      vertex -2.55 0.9 0.25
      vertex -2.55 -0.9 0.25
    endloop
  endfacet
  facet normal 0 0 1
    outer loop
      vertex -0.9 0.9 0.25
      vertex 0.9 0.9 0.25
      vertex 0.9 2.55 0.25
    endloop
  endfacet
  facet normal 0 0 1
    outer loop
      vertex 0.9 0.9 0.25
      vertex -0.9 0.9 0.25
      vertex 0.9 -0.9 0.25
    endloop
  endfacet
  facet normal 0 0 1
    outer loop
      vertex -0.9 0.9 0.25
      vertex 0.9 2.55 0.25
      vertex -0.9 2.55 0.25
    endloop
  endfacet
  facet normal 0 0 1
    outer loop
      vertex -0.9 -0.9 0.25
      vertex 0.9 -0.9 0.25
      vertex -0.9 0.9 0.25
    endloop
  endfacet
  facet normal 0 0 1
    outer loop
      vertex 0.9 -0.9 0.25
      vertex -0.9 -0.9 0.25
      vertex 0.9 -2.55 0.25
    endloop
  endfacet
  facet normal 0 0 1
    outer loop
      vertex 0.9 -2.55 0.25
      vertex -0.9 -0.9 0.25
      vertex -0.9 -2.55 0.25
    endloop
  endfacet
  facet normal -0 0 1
    outer loop
      vertex 0.9 0.9 0.25
      vertex 2.55 -0.9 0.25
      vertex 2.55 0.9 0.25
    endloop
  endfacet
  facet normal 0 0 1
    outer loop
      vertex 2.55 -0.9 0.25
      vertex 0.9 0.9 0.25
      vertex 0.9 -0.9 0.25
    endloop
  endfacet
  facet normal -1 0 0
    outer loop
      vertex 2.55 -0.9 0.25
      vertex 2.55 0.9 5.5
      vertex 2.55 0.9 0.25
    endloop
  endfacet
  facet normal -1 -0 0
    outer loop
      vertex 2.55 0.9 5.5
      vertex 2.55 -0.9 0.25
      vertex 2.55 -0.9 5.5
    endloop
  endfacet
  facet normal 0 -1 0
    outer loop
      vertex 0.9 0.9 0.25
      vertex 2.55 0.9 5.5
      vertex 0.9 0.9 5.5
    endloop
  endfacet
  facet normal 0 -1 -0
    outer loop
      vertex 2.55 0.9 5.5
      vertex 0.9 0.9 0.25
      vertex 2.55 0.9 0.25
    endloop
  endfacet
  facet normal 0 -1 0
    outer loop
      vertex -2.55 0.9 0.25
      vertex -0.9 0.9 5.5
      vertex -2.55 0.9 5.5
    endloop
  endfacet
  facet normal 0 -1 -0
    outer loop
      vertex -0.9 0.9 5.5
      vertex -2.55 0.9 0.25
      vertex -0.9 0.9 0.25
    endloop
  endfacet
  facet normal 0 1 -0
    outer loop
      vertex 2.55 -0.9 0.25
      vertex 0.9 -0.9 5.5
      vertex 2.55 -0.9 5.5
    endloop
  endfacet
  facet normal 0 1 0
    outer loop
      vertex 0.9 -0.9 5.5
      vertex 2.55 -0.9 0.25
      vertex 0.9 -0.9 0.25
    endloop
  endfacet
  facet normal 0 1 -0
    outer loop
      vertex -0.9 -0.9 0.25
      vertex -2.55 -0.9 5.5
      vertex -0.9 -0.9 5.5
    endloop
  endfacet
  facet normal 0 1 0
    outer loop
      vertex -2.55 -0.9 5.5
      vertex -0.9 -0.9 0.25
      vertex -2.55 -0.9 0.25
    endloop
  endfacet
  facet normal 1 -0 0
    outer loop
      vertex -0.9 0.9 5.5
      vertex -0.9 2.55 0.25
      vertex -0.9 2.55 5.5
    endloop
  endfacet
  facet normal 1 0 0
    outer loop
      vertex -0.9 2.55 0.25
      vertex -0.9 0.9 5.5
      vertex -0.9 0.9 0.25
    endloop
  endfacet
  facet normal 1 -0 0
    outer loop
      vertex -0.9 -2.55 5.5
      vertex -0.9 -0.9 0.25
      vertex -0.9 -0.9 5.5
    endloop
  endfacet
  facet normal 1 0 0
    outer loop
      vertex -0.9 -0.9 0.25
      vertex -0.9 -2.55 5.5
      vertex -0.9 -2.55 0.25
    endloop
  endfacet
  facet normal -1 0 0
    outer loop
      vertex 0.9 0.9 0.25
      vertex 0.9 2.55 5.5
      vertex 0.9 2.55 0.25
    endloop
  endfacet
  facet normal -1 -0 0
    outer loop
      vertex 0.9 2.55 5.5
      vertex 0.9 0.9 0.25
      vertex 0.9 0.9 5.5
    endloop
  endfacet
  facet normal -1 0 0
    outer loop
      vertex 0.9 -2.55 0.25
      vertex 0.9 -0.9 5.5
      vertex 0.9 -0.9 0.25
    endloop
  endfacet
  facet normal -1 -0 0
    outer loop
      vertex 0.9 -0.9 5.5
      vertex 0.9 -2.55 0.25
      vertex 0.9 -2.55 5.5
    endloop
  endfacet
  facet normal 0 -1 0
    outer loop
      vertex -0.9 2.55 0.25
      vertex 0.9 2.55 5.5
      vertex -0.9 2.55 5.5
    endloop
  endfacet
  facet normal 0 -1 -0
    outer loop
      vertex 0.9 2.55 5.5
      vertex -0.9 2.55 0.25
      vertex 0.9 2.55 0.25
    endloop
  endfacet
  facet normal 0 1 -0
    outer loop
      vertex 0.9 -2.55 0.25
      vertex -0.9 -2.55 5.5
      vertex 0.9 -2.55 5.5
    endloop
  endfacet
  facet normal 0 1 0
    outer loop
      vertex -0.9 -2.55 5.5
      vertex 0.9 -2.55 0.25
      vertex -0.9 -2.55 0.25
    endloop
  endfacet
endsolid OpenSCAD_Model
